<?xml version="1.0" encoding="UTF-8"?>
<beans xmlns="http://www.springframework.org/schema/beans"
	xmlns:xsi="http://www.w3.org/2001/XMLSchema-instance"
	xmlns:util="http://www.springframework.org/schema/util"
	xsi:schemaLocation="
		http://www.springframework.org/schema/beans http://www.springframework.org/schema/beans/spring-beans-3.0.xsd
		http://www.springframework.org/schema/util http://www.springframework.org/schema/util/spring-util-3.0.xsd
	">
	
	<bean id="ConfigurationDirectoryManager"
		class="com.expedia.cc.container.core.configuration.DirectoryManager">
		<constructor-arg>
			<util:constant static-field="com.expedia.cc.container.core.configuration.DirectoryManager.APPCONFIG_PATTERN"/>
		</constructor-arg>
	</bean>
	
	<bean id="Configuration" factory-bean="ConfigurationDirectoryManager" factory-method="getMergedProperties" />
	
	<bean class="org.springframework.beans.factory.config.PropertyPlaceholderConfigurer">
		<property name="properties" ref="Configuration" />
	</bean>
	
	<bean id="ConfigurationMap" 
		class="com.expedia.cc.container.core.configuration.ConfigurationMap">
		<constructor-arg ref="Configuration" />
	</bean>
	
</beans>