<?xml version="1.0" encoding="UTF-8"?>
<beans xmlns="http://www.springframework.org/schema/beans"
       xmlns:xsi="http://www.w3.org/2001/XMLSchema-instance"
       xmlns:util="http://www.springframework.org/schema/util"
       xsi:schemaLocation="http://www.springframework.org/schema/beans http://www.springframework.org/schema/beans/spring-beans-3.0.xsd  http://www.springframework.org/schema/util
                     http://www.springframework.org/schema/util/spring-util-3.0.xsd">

	<bean id="creditCardConfigDataProvider"
		  class="com.expedia.semantha.booking.CreditCardConfigDataProvider">
    	<constructor-arg name="creditCardExpirationYearsCount" value="${booking.creditcard.expiration.numYears}"/>
    	<constructor-arg name="countryProvider" ref="countryProvider"/>
    	<constructor-arg name="usaStates" ref="usaStatesMap"/>
    	<constructor-arg name="canadianProvinces" ref="canadianProvincesMap"/>
    	<constructor-arg name="australianStates" ref="australianStatesMap"/>
	</bean>

	<bean id="countryProvider"
		  class="com.expedia.semantha.booking.CountryProvider">
		<constructor-arg name="directory" value="${com.expedia.e3.platform.foundation.core.configuration/appconfig.root}/base/i18n"/>
		<property name="basename" value="countries"/>
		<property name="defaultEncoding" value="UTF-8"/>
	</bean>

	<util:map id="canadianProvincesMap" map-class="java.util.LinkedHashMap">
		<entry key="AB" value="Alberta"/>
		<entry key="BC" value="British Columbia"/>
		<entry key="MB" value="Manitoba"/>
		<entry key="NB" value="New Brunswick"/>
		<entry key="NL" value="Newfoundland and Labrador"/>
		<entry key="NT" value="Northwest Territories"/>
		<entry key="NS" value="Nova Scotia"/>
		<entry key="NU" value="Nunavut"/>
		<entry key="ON" value="Ontario"/>
		<entry key="PE" value="Prince Edward Island"/>
		<entry key="QC" value="Québec"/>
		<entry key="SK" value="Saskatchewan"/>
		<entry key="YT" value="Yukon"/>
	</util:map>

	<util:map id="australianStatesMap" map-class="java.util.LinkedHashMap">
		<entry key="ACT" value="Australian Capital Territory"/>
		<entry key="NSW" value="New South Wales"/>
		<entry key="Vic" value="Victoria"/>
		<entry key="Qld" value="Queensland"/>
		<entry key="SA" value="South Australia"/>
		<entry key="WA" value="Western Australia"/>
		<entry key="Tas" value="Tasmania"/>
		<entry key="NT" value="Northern Territory"/>
	</util:map>

	<util:map id="usaStatesMap" map-class="java.util.LinkedHashMap">
		<entry key="AL" value="Alabama"/>
		<entry key="AK" value="Alaska"/>
		<entry key="AS" value="American Samoa"/>
		<entry key="AZ" value="Arizona"/>
		<entry key="AR" value="Arkansas"/>
		<entry key="AA" value="Armed Forces Americas excluding Canada"/>
		<entry key="AE" value="Armed Forces EMEA and Canada"/>
		<entry key="AP" value="Armed Forces Pacific"/>
		<entry key="CA" value="California"/>
		<entry key="CO" value="Colorado"/>
		<entry key="CT" value="Connecticut"/>
		<entry key="DE" value="Delaware"/>
		<entry key="DC" value="District of Columbia"/>
		<entry key="FM" value="Federated States of Micronesia"/>
		<entry key="FL" value="Florida"/>
		<entry key="GA" value="Georgia"/>
		<entry key="GU" value="Guam"/>
		<entry key="HI" value="Hawaii"/>
		<entry key="ID" value="Idaho"/>
		<entry key="IL" value="Illinois"/>
		<entry key="IN" value="Indiana"/>
		<entry key="IA" value="Iowa"/>
		<entry key="KS" value="Kansas"/>
		<entry key="KY" value="Kentucky"/>
		<entry key="LA" value="Louisiana"/>
		<entry key="ME" value="Maine"/>
		<entry key="MH" value="Marshall Islands"/>
		<entry key="MD" value="Maryland"/>
		<entry key="MA" value="Massachusetts"/>
		<entry key="MI" value="Michigan"/>
		<entry key="MN" value="Minnesota"/>
		<entry key="MS" value="Mississippi"/>
		<entry key="MO" value="Missouri"/>
		<entry key="MT" value="Montana"/>
		<entry key="NE" value="Nebraska"/>
		<entry key="NV" value="Nevada"/>
		<entry key="NH" value="New Hampshire"/>
		<entry key="NJ" value="New Jersey"/>
		<entry key="NM" value="New Mexico"/>
		<entry key="NY" value="New York"/>
		<entry key="NC" value="North Carolina"/>
		<entry key="ND" value="North Dakota"/>
		<entry key="MP" value="Northern Mariana Islands"/>
		<entry key="OH" value="Ohio"/>
		<entry key="OK" value="Oklahoma"/>
		<entry key="OR" value="Oregon"/>
		<entry key="PA" value="Pennsylvania"/>
		<entry key="PR" value="Puerto Rico"/>
		<entry key="RI" value="Rhode Island"/>
		<entry key="SC" value="South Carolina"/>
		<entry key="SD" value="South Dakota"/>
		<entry key="TN" value="Tennessee"/>
		<entry key="TX" value="Texas"/>
		<entry key="UT" value="Utah"/>
		<entry key="VT" value="Vermont"/>
		<entry key="VI" value="Virgin Islands"/>
		<entry key="VA" value="Virginia"/>
		<entry key="WA" value="Washington"/>
		<entry key="WV" value="West Virginia"/>
		<entry key="WI" value="Wisconsin"/>
		<entry key="WY" value="Wyoming"/>
	</util:map>
</beans>