<?xml version="1.0" encoding="UTF-8"?>
<beans xmlns="http://www.springframework.org/schema/beans"
	xmlns:xsi="http://www.w3.org/2001/XMLSchema-instance"
	xsi:schemaLocation="
		http://www.springframework.org/schema/beans http://www.springframework.org/schema/beans/spring-beans-3.0.xsd">

	<bean class="com.expedia.cc.container.core.monitoring.impl.MonitorCounterConfigurator"
		factory-method="getInstance"
		destroy-method="stop">
		<property name="configuration">
			<map>
				<entry key="updatePeriodBean" value="${MonitorCounter/updatePeriodBeanSeconds:5}" />
				<entry key="updatePeriodLog" value="${MonitorCounter/updatePeriodLogSeconds:30}" />
			</map>
		</property>
	</bean>
	
	<bean id="MonitorCounterFactory"
		class="com.expedia.cc.container.core.monitoring.MonitorCounterFactory"
		factory-method="getInstance">
		<property name="defaultConfiguration">
			<map>
				<entry key="HistogramWaterMarkLevel" value="${MonitorCounter/HistogramWaterMarkLevel:0.99}"/>
			</map>
		</property>
	</bean>
	
</beans>