<beans:beans xmlns="http://www.springframework.org/schema/security"
	xmlns:beans="http://www.springframework.org/schema/beans"
	xmlns:xsi="http://www.w3.org/2001/XMLSchema-instance"
	xmlns:util="http://www.springframework.org/schema/util"
	xsi:schemaLocation="http://www.springframework.org/schema/beans
	http://www.springframework.org/schema/beans/spring-beans-3.0.xsd
	http://www.springframework.org/schema/security
	http://www.springframework.org/schema/security/spring-security.xsd
	http://www.springframework.org/schema/util  
	http://www.springframework.org/schema/util/spring-util-3.0.xsd">
	
	<http pattern="/resources/**" security="none"/>
	<http pattern="/login*" security="none" />
	
	<http auto-config="false" use-expressions="true" entry-point-ref="loginUrlAuthenticationEntryPoint">
		<intercept-url pattern="/**" access="isAuthenticated()"/>
		
		<custom-filter position="FORM_LOGIN_FILTER" ref="semanthaAuthFilter"/>
		<logout
			logout-url="/logout"
			success-handler-ref="customLogoutSuccessHandler"
			invalidate-session="true"/>
	</http>
	
	<beans:bean id="customLogoutSuccessHandler" 
	class="com.expedia.semantha.authentication.CustomLogoutSuccessHandler" />
	
	<authentication-manager alias="authenticationManager" erase-credentials="false">
		<authentication-provider ref="ldapActiveDirectoryAuthProvider"/>
	</authentication-manager>
	
	<beans:bean id="loginUrlAuthenticationEntryPoint" 
				class="org.springframework.security.web.authentication.LoginUrlAuthenticationEntryPoint">
		<beans:property name="loginFormUrl" value="/login"/>
	</beans:bean>
	
	<beans:bean id="ldapActiveDirectoryAuthProvider"
				class="com.expedia.semantha.authentication.CustomActiveDirectoryLdapAuthProvider">
		<beans:constructor-arg value="${activeDirectory.domain}"/>
		<beans:constructor-arg value="${activeDirectory.url}"/>
		<beans:property name="userDetailsContextMapper" ref="semanthaUserDetailsMapper"/>
		<beans:property name="userSearchFilter" 
			value="${activeDirectory.userSearchFilter:(&amp;(objectClass=user)(|(sAMAccountName={0})(userPrincipalName={1})))}"/>
	</beans:bean>
	
	<beans:bean id="semanthaUserDetailsMapper"
				class="com.expedia.semantha.authentication.SemanthaUserDetailsMapper"/>
	
	<beans:bean id="semanthaAuthFilter"
				class="com.expedia.semantha.authentication.SemanthaAuthFilter">
		<beans:constructor-arg name="commaDelimitedAllowedADGroups" value="${activeDirectory.allowedGroups}"/>
		<beans:constructor-arg name="commaDelimitedADExceptionUsers" value="${activeDirectory.exceptionUsers}"/>
		<beans:constructor-arg name="fBUserAuthFilter" value="#{${fbAuth.enable} ? fbAuthFilter : fbExceptionAuthFilter}"/>
		<beans:constructor-arg name="nonActiveDirectoryUserAuthFilter" value="#{${testAccount.enable} ? basicAuthFilter : identityExceptionAuthFilter}"/>
		<beans:property name="authenticationManager" ref="authenticationManager"/>
		<beans:property name="authenticationFailureHandler" ref="failureHandler"/>
		<beans:property name="authenticationSuccessHandler" ref="successHandler"/>
		<beans:property name="usernameParameter" value="ip_username"/>
		<beans:property name="passwordParameter" value="ip_password"/>
	</beans:bean>
   	
	<!-- This filter enables the test user to log in -->
	<beans:bean id="basicAuthFilter"
				class="com.expedia.semantha.authentication.BasicAuthFilter">
		<beans:constructor-arg name="username" value="${testAccount.username}"/>
		<beans:constructor-arg name="password" value="${testAccount.password}"/>
	</beans:bean>
   
	<!-- This filter enables the facebook user to log in -->
	<beans:bean id="fbAuthFilter"
				class="com.expedia.semantha.social.FacebookAuthFilter">
		<beans:constructor-arg name="appId" value="${facebook.appId}"/>
		<beans:constructor-arg name="appSecret" value="${facebook.appSecret}"/>
		<!-- <beans:constructor-arg name="commaDelimitedFBAuthUsers" value="${fbAuth.allowedUserEmails}"/> -->
	</beans:bean>
	
	<beans:bean id="identityExceptionAuthFilter"
				class="com.expedia.semantha.authentication.IdentityExceptionAuthFilter"/>
				
	<beans:bean id="fbExceptionAuthFilter"
				class="com.expedia.semantha.social.FbAuthException"/>
				
	<beans:bean id="alumniVerification"
				class="com.expedia.semantha.servlet.Alumni"/>
	
	<beans:bean id="successHandler" 
				class="org.springframework.security.web.authentication.SavedRequestAwareAuthenticationSuccessHandler">
    		<beans:property name="alwaysUseDefaultTargetUrl" value="true"/>
    		<beans:property name="redirectStrategy" ref="successRedirectStrategy"/>        
         	<beans:property name="defaultTargetUrl" value="/hotelfinder?from=login"/>
    </beans:bean>
      
     <beans:bean id="successRedirectStrategy" class="com.expedia.semantha.authentication.RedirectStrategy">
            <beans:property name="experienceSetting">
                  <beans:map>
                        <beans:entry key="semantha" value="/hotelfinder?from=login"></beans:entry>
                        <beans:entry key="destinationFinder" value="/destinationfinder"></beans:entry>
                  </beans:map>
            </beans:property>
     </beans:bean>
	
	<beans:bean id="failureHandler"
		class="org.springframework.security.web.authentication.ExceptionMappingAuthenticationFailureHandler">
		<beans:property name="exceptionMappings" ref="failureUrlMap" />
	</beans:bean>
	
	<util:map id="failureUrlMap" map-class="java.util.HashMap">
		<!-- LDAP Bad Credentials Exception and default error  -->
		<beans:entry
			key="org.springframework.security.authentication.BadCredentialsException"
			value="/login?error=true&amp;customErrorType=invalidEmployeeCredentials" />
		<!-- Facebook not Authorized Exception -->
		<beans:entry
			key="org.springframework.security.authentication.AuthenticationCredentialsNotFoundException"
			value="/login?error=true&amp;customErrorType=alumniAccessDenied" />
		<!-- Test User no access Exception -->
		<beans:entry
			key="org.springframework.security.authentication.DisabledException"
			value="/login?error=true&amp;customErrorType=invalidTestCredentials" />
	</util:map>
	
</beans:beans>
