<?xml version="1.0" encoding="UTF-8"?>
<beans xmlns="http://www.springframework.org/schema/beans"
	xmlns:xsi="http://www.w3.org/2001/XMLSchema-instance" xmlns:mvc="http://www.springframework.org/schema/mvc"
	xmlns:context="http://www.springframework.org/schema/context"
	xmlns:aop="http://www.springframework.org/schema/aop" xmlns:oxm="http://www.springframework.org/schema/oxm"
	xmlns:util="http://www.springframework.org/schema/util"
	xsi:schemaLocation="http://www.springframework.org/schema/mvc
        http://www.springframework.org/schema/mvc/spring-mvc-3.1.xsd
        http://www.springframework.org/schema/beans
        http://www.springframework.org/schema/beans/spring-beans-3.1.xsd
        http://www.springframework.org/schema/context
        http://www.springframework.org/schema/context/spring-context-3.1.xsd
		http://www.springframework.org/schema/util 
		http://www.springframework.org/schema/util/spring-util-3.0.xsd
        http://www.springframework.org/schema/aop 
        http://www.springframework.org/schema/aop/spring-aop-3.1.xsd">

	<import resource="monitor-context.xml" />
	<import resource="configuration-context.xml" />
	<import resource="creditCardConfigData-context.xml" />
	<import resource="priceRange-context.xml" />

	<!-- Root Context: defines shared resources visible to all other web components -->
	<mvc:resources mapping="/resources/**" location="/resources/" />
	<!-- auto-detect controllers and inject dependencies -->
	<mvc:annotation-driven />

	<context:component-scan base-package="com.expedia.semantha" />
	<context:annotation-config />
	<bean id="propertyConfigurer"
		class="org.springframework.beans.factory.config.PropertyPlaceholderConfigurer">
		<property name="nullValue" value="@null" />
	</bean>
	<bean id="AppContextManager" factory-method="getInstance"
		class="com.expedia.cc.container.core.applogging.internal.AppLogContextManager">
		<property name="configuration">
			<bean factory-bean="ConfigurationMap" factory-method="getSubFamily">
				<constructor-arg value="AppContext" />
			</bean>
		</property>
	</bean>

	<bean class="com.expedia.semantha.exception.LoggingHandlerExceptionResolver" />

	<mvc:interceptors>
		<!-- This runs for all mappings -->
		<mvc:interceptor>
			<mvc:mapping path="/**" />
			<bean class="org.springframework.web.servlet.i18n.LocaleChangeInterceptor">
				<property name="paramName" value="localeId" />
			</bean>
		</mvc:interceptor>
		<mvc:interceptor>
			<mvc:mapping path="/**" />
			<bean class="com.expedia.semantha.interceptor.LocalizationInterceptor">
				<constructor-arg name="localeResolver" ref="localeResolver" />
				<constructor-arg name="clientResourceNames">
					<set>
						<value>login.social.auth.alumni.header</value>
						<value>login.social.auth.fb.login.button.text</value>
						<value>login.social.auth.fb.logout.button.text</value>
						<value>login.social.auth.alumni.instructions</value>
						<value>login.social.auth.alumni.login.error_1</value>
						<value>login.social.auth.alumni.login.error_2</value>
						<value>login.social.auth.alumni.support.link.text</value>
						<value>header.date-picker.default.start-date</value>
						<value>header.date-picker.default.end-date</value>
						<value>header.search-field.error-message.1</value>
						<value>header.search-field.error-message.2</value>
						<value>header.search-field.error-message.3</value>
						<value>header.rooms-and-guests.summary.rooms.single</value>
						<value>header.rooms-and-guests.summary.rooms.multiple</value>
						<value>header.rooms-and-guests.summary.guests.single</value>
						<value>header.rooms-and-guests.summary.guests.multiple</value>
            <value>header.settings.item.currency.with-code</value>
						<value>hotel-finder.loading</value>
						<value>hotel-finder.filter.price.title</value>
						<value>hotel-finder.filter.rating.star.title</value>
						<value>hotel-finder.filter.amenities.title</value>
						<value>hotel-finder.filter.themes.title</value>
						<value>hotel-finder.filter.rating.start.item.only.single</value>
						<value>hotel-finder.filter.rating.start.item.only.multiple</value>
						<value>hotel-finder.sort.title</value>
						<value>hotel-finder.continue-without-dates</value>
						<value>hotel-finder.results-in-view.none</value>
						<value>hotel-finder.results-in-view.single</value>
						<value>hotel-finder.results-in-view.multiple</value>
						<value>hotel-finder.hotels-in-cluster.single</value>
						<value>hotel-finder.results-in-view.cluster.single</value>
						<value>hotel-finder.results-in-view.cluster.multiple</value>
            <value>hotel-finder.results-list.partial-divider</value>
						<value>hotel-finder.hotels-in-cluster.multiple</value>
						<value>hotel-finder.hover-content.stars.single</value>
						<value>hotel-finder.hover-content.stars.multiple</value>
						<value>hotel-finder.brief-content.ean-error</value>
						<value>hotel-finder.brief-content.missing-hotel-error</value>
						<value>hotel-finder.brief-content.employee-rate</value>
						<value>hotel-finder.brief-content.sold-out</value>
						<value>hotel-finder.brief-content.sold-out.anchor.different-dates</value>
						<value>hotel-finder.brief-content.sold-out.anchor.guest-count</value>
						<value>hotel-finder.brief-content.choose-dates</value>
						<value>hotel-finder.brief-content.choose-dates.anchor</value>
						<value>hotel-finder.brief-content.no-photo</value>
						<value>hotel-finder.brief-content.view-details</value>
						<value>hotel-finder.brief-content.error</value>
						<value>hotel-finder.brief-content.no-reviews</value>
						<value>hotel-finder.brief-content.return-to-list</value>
						<value>hotel-finder.no-rooms</value>
						<value>hotel-finder.limited-availability</value>
						<value>hotel-finder.map-failure</value>
            <value>hotel-finder.list-item.reviews.single</value>
            <value>hotel-finder.list-item.reviews.multiple</value>
						<value>hotel-booking.validation.different-name</value>
						<value>hotel-booking.validation.phone-number</value>
						<value>hotel-booking.validation.credit-card.type</value>
						<value>hotel-booking.validation.credit-card.number</value>
						<value>hotel-booking.validation.credit-card.expiration</value>
						<value>hotel-booking.validation.credit-card.id</value>
						<value>hotel-booking.validation.credit-card.first-name</value>
						<value>hotel-booking.validation.credit-card.last-name</value>
						<value>hotel-booking.validation.address</value>
						<value>hotel-booking.validation.city</value>
						<value>hotel-booking.validation.state.us</value>
						<value>hotel-booking.validation.state.ca</value>
						<value>hotel-booking.validation.state.au</value>
						<value>hotel-booking.validation.agreement</value>
						<value>hotel-booking.validation.code</value>
						<value>hotel-booking.confirmation.survey-title</value>
						<value>feedback.start</value>
						<value>feedback.up</value>
						<value>feedback.up.watermark</value>
						<value>feedback.down</value>
						<value>feedback.down.watermark</value>
						<value>feedback.final</value>
						<value>feedback.ambig.start</value>
						<value>feedback.ambig.down</value>
						<value>feedback.ambig.down.watermark</value>
						<value>hotel-details.no-reasontobelieve</value>
						<value>hotel-details.reasontobelieve</value>
						<value>hotel-details.reviews-heading</value>
            <value>hotel-details.no_photos_available</value>
            <value>hotel-details.traveler-reviews.no-reviews-text</value>
            <value>hotel-details.traveler-reviews.similar-statement.single</value>
            <value>hotel-details.traveler-reviews.similar-statement.multiple</value>
            <value>hotel-details.traveler-reviews.author.default-name</value>
            <value>hotel-details.traveler-reviews.author.location-description</value>
            <value>hotel-details.traveler-reviews.sentiment.very-low</value>
            <value>hotel-details.traveler-reviews.sentiment.low</value>
            <value>hotel-details.traveler-reviews.sentiment.neutral</value>
            <value>hotel-details.traveler-reviews.sentiment.high</value>
            <value>hotel-details.traveler-reviews.sentiment.very-high</value>
					</set>
				</constructor-arg>
				<constructor-arg name="messageSource" ref="messageSource" />
			</bean>
		</mvc:interceptor>
		<mvc:interceptor>
			<mvc:mapping path="/**" />
			<bean class="com.expedia.semantha.interceptor.QueryParamChangeInterceptor">
				<constructor-arg name="paramName" value="cur" />
				<constructor-arg name="resolver" ref="currencyResolver" />
			</bean>
		</mvc:interceptor>
		<mvc:interceptor>
			<mvc:mapping path="/booking" />
			<bean class="com.expedia.semantha.interceptor.NoCacheInterceptor" />
		</mvc:interceptor>
		<mvc:interceptor>
			<mvc:mapping path="/**" />
			<bean class="com.expedia.semantha.interceptor.CommonModelInterceptor">
				<property name="model">
					<map>
						<entry key="currencies" value-ref="supportedCurrencies" />
					</map>
				</property>
			</bean>
		</mvc:interceptor>
	</mvc:interceptors>

	<bean id="semanthaTestAuthUser" class="com.expedia.semantha.authentication.TestAuthUser"
		scope="singleton" />

	<!-- an HTTP Session-scoped bean exposed as a proxy -->
	<bean id="facebookAuthUser" class="com.expedia.semantha.social.FacebookAuthUser"
		scope="session">
		<!-- this next element effects the proxying of the surrounding bean -->
		<!-- instructs the container to proxy the surrounding bean -->
		<aop:scoped-proxy />
	</bean>

	<bean id="currencyRequestAttributeName" class="java.lang.String">
		<constructor-arg value="currency" />
	</bean>

	<bean id="roomsConfigurationContextProvider"
		class="com.expedia.semantha.hotel.util.RoomsConfigurationContextProvider" />

	<bean id="requestBuilder" class="com.expedia.semantha.util.EANRequestBuilder">
		<constructor-arg name="apiKey" value="${semantha.EAN.apiKey}" />
		<constructor-arg name="cid" value="${semantha.EAN.cid}" />
		<constructor-arg name="secret" value="${semantha.EAN.secret}" />
		<constructor-arg name="host" value="${semantha.EAN.host}" />
		<constructor-arg name="minorRev" value="${semantha.EAN.minorRev}" />
		<constructor-arg name="marshaller" ref="xstreamMarshaller" />
	</bean>

	<bean id="bookingRequestBuilder" parent="requestBuilder">
		<constructor-arg name="host" value="${semantha.EAN.booking}" />
	</bean>

	<bean id="hotelBookingOperations" class="com.expedia.semantha.booking.BookingOperationsHandler">
	</bean>

	<bean id="detailsOperations" class="com.expedia.semantha.hotel.DetailsOperationsHandler">
	</bean>

	<bean id="hotelService" class="com.expedia.semantha.service.HotelService">
		<constructor-arg name="hotelReviewsFile" value="${semantha.reviews.file}" />
		<constructor-arg name="hotelDestinationFile" value="${semantha.destination.file}" />
		<constructor-arg name="hotelClusterImageMappingFile"
			value="${semantha.clusterImageMapping.file}" />
		<constructor-arg name="lcmAffinityMappingFile"
			value="${semantha.affinityMapping.file}" />
	</bean>

	<bean id="httpClient" class="org.apache.http.impl.client.DefaultHttpClient">
		<constructor-arg name="conman" ref="connManager" />
	</bean>

	<bean id="connManager"
		class="org.apache.http.impl.conn.PoolingClientConnectionManager">
		<property name="defaultMaxPerRoute" value="50" />
		<property name="maxTotal" value="100" />
	</bean>

	<bean id="EANService" class="com.expedia.semantha.servlet.EANService">
		<constructor-arg name="requestBuilder" ref="requestBuilder" />
		<constructor-arg name="bookingRequestBuilder" ref="bookingRequestBuilder" />
		<constructor-arg name="currencyRequestAttributeName"
			ref="currencyRequestAttributeName" />
		<constructor-arg name="httpClient" ref="httpClient" />
	</bean>

	<bean id="nautilusService" class="com.expedia.semantha.service.NautilusService">
		<constructor-arg name="url"
			value="${semantha.NautilusService.url}" />
		<constructor-arg name="userLocale"
			value="${semantha.NautilusService.userLocale}" />
		<constructor-arg name="version"
			value="${semantha.NautilusService.version}" />
		<constructor-arg name="httpClient" ref="httpClient" />
		<constructor-arg name="requiredParameters">
			<map>
				<entry key="clientid" value="${semantha.NautilusService.clientid}" />
				<entry key="trackingid" value="${semantha.NautilusService.trackingid}" />
				<entry key="limit" value="${semantha.NautilusService.limit}" />
				<entry key="verbose" value="true" />
			</map>
		</constructor-arg>
		<constructor-arg name="optionalParameters">
			<set>
				<value>amn</value>
				<value>star</value>
				<value>ll</value>
			</set>
		</constructor-arg>
	</bean>

	<bean id="sslService" class="com.expedia.semantha.service.SSLDatedSearchService">
		<constructor-arg name="lpasLodgingAPI" ref="lpasLodgingAPI" />
		<constructor-arg name="defaultLenOfStay"
			value="${semantha.lodgingAPI.defaultLenOfStay}" />
		<constructor-arg name="defaultRooms"
			value="${semantha.lodgingAPI.defaultRooms}" />
		<constructor-arg name="defaultAdditionalDays"
			value="${semantha.lodgingAPI.defaultAdditionalDays}" />
	</bean>

	<bean id="hotelNameFilterWorker" class="com.expedia.semantha.hotelworker.HotelNameFilterWorker" />

	<bean id="addHotelPriceWorker" class="com.expedia.semantha.hotelworker.AddPriceToHotelWorker">
		<constructor-arg name="sslService" ref="sslService" />
	</bean>

	<bean id="hotelPriceFilterWorker" class="com.expedia.semantha.hotelworker.HotelPriceFilterWorker" />

	<!-- Sort hotels -->
	<bean id="StringComparator" class="com.expedia.semantha.hotel.sort.StringComparator" />
	<bean id="StringLenComparator" class="com.expedia.semantha.hotel.sort.StringLengthComparator" />
	<bean id="defaultHotelSort" class="com.expedia.semantha.hotel.sort.HotelSortComparator">
		<constructor-arg name="jsonKey" value="available" />
		<constructor-arg name="stringComparator" ref="StringComparator" />
	</bean>
	<bean id="HotelNameSort" class="com.expedia.semantha.hotel.sort.HotelSortComparator">
		<constructor-arg name="jsonKey" value="name" />
		<constructor-arg name="stringComparator" ref="StringComparator" />
	</bean>
	<bean id="HotelPriceLengthIncrSort" class="com.expedia.semantha.hotel.sort.HotelSortComparator">
		<constructor-arg name="jsonKey" value="afterDiscountPrice" />
		<constructor-arg name="stringComparator" ref="StringLenComparator" />
	</bean>
	<bean id="HotelPriceIncrSort" class="com.expedia.semantha.hotel.sort.HotelSortComparator">
		<constructor-arg name="jsonKey" value="afterDiscountPrice" />
		<constructor-arg name="stringComparator" ref="StringComparator" />
	</bean>
	<bean id="HotelStarSort" class="com.expedia.semantha.hotel.sort.HotelSortComparator">
		<constructor-arg name="jsonKey" value="star" />
		<constructor-arg name="stringComparator" ref="StringComparator" />
	</bean>
	
	<bean id="nameComparator" class="org.springframework.util.comparator.CompoundComparator">
		<constructor-arg>
			<array>
				<ref bean="defaultHotelSort" />
				<ref bean="HotelNameSort" />
			</array>
		</constructor-arg>
	</bean>
	<bean id="invertNameSort"
		class="org.springframework.beans.factory.config.MethodInvokingFactoryBean">
		<property name="targetObject">
			<ref bean="nameComparator" />
		</property>
		<property name="targetMethod">
			<value>invertOrder</value>
		</property>
		<property name="arguments">
			<value>1</value>
		</property>
	</bean>
	<bean id="starComparator" class="org.springframework.util.comparator.CompoundComparator">
		<constructor-arg>
			<array>
				<ref bean="defaultHotelSort" />
				<ref bean="HotelStarSort" />
			</array>
		</constructor-arg>
	</bean>
	<bean id="priceIncrComparator" class="org.springframework.util.comparator.CompoundComparator">
		<constructor-arg>
			<array>
				<ref bean="defaultHotelSort" />
				<ref bean="HotelPriceLengthIncrSort" />
				<ref bean="HotelPriceIncrSort" />
			</array>
		</constructor-arg>
	</bean>
	<bean id="reversePriceLengthSort"
		class="org.springframework.beans.factory.config.MethodInvokingFactoryBean">
		<property name="targetObject">
			<ref local="priceIncrComparator" />
		</property>
		<property name="targetMethod">
			<value>invertOrder</value>
		</property>
		<property name="arguments">
			<value>1</value>
		</property>
	</bean>
	<bean id="reversePriceSort"
		class="org.springframework.beans.factory.config.MethodInvokingFactoryBean">
		<property name="targetObject">
			<ref local="priceIncrComparator" />
		</property>
		<property name="targetMethod">
			<value>invertOrder</value>
		</property>
		<property name="arguments">
			<value>2</value>
		</property>
	</bean>
	<bean id="priceDescComparator" class="org.springframework.util.comparator.CompoundComparator">
		<constructor-arg>
			<array>
				<ref bean="defaultHotelSort" />
				<ref bean="HotelPriceLengthIncrSort" />
				<ref bean="HotelPriceIncrSort" />
			</array>
		</constructor-arg>
	</bean>

	<bean id="hotelSortWorker" class="com.expedia.semantha.hotelworker.HotelSortWorker">
		<constructor-arg name="comparatorMap">
			<map>
				<entry key="name" value-ref="nameComparator" />
				<entry key="star" value-ref="starComparator" />
				<entry key="priceIncr" value-ref="priceIncrComparator" />
				<entry key="priceDesc" value-ref="priceDescComparator" />
			</map>
		</constructor-arg>
		<constructor-arg name="defaultComparator" ref="defaultHotelSort" />
	</bean>


	<bean id="dateFormat" class="java.text.SimpleDateFormat">
		<constructor-arg value="HH:mm" />
	</bean>

	<bean id="hotelMapping" class="com.expedia.semantha.util.HotelIdMapperImpl">
		<property name="zipFileName" value="${semantha.hotelidmapping.zipFileName}" />
		<property name="refreshPeriod" value="${semantha.hotelidmapping.refreshperiodms}" />
		<property name="firstTime">
			<bean factory-bean="dateFormat" factory-method="parse">
				<constructor-arg value="${semantha.hotelidmapping.firstTime}" />
			</bean>
		</property>
		<property name="hotelIdMappingRetryCount"
			value="${semantha.hotelidmapping.hotelIdMappingRetryCount}" />
		<property name="hotelIdMappingRetryInterval"
			value="${semantha.hotelidmapping.hotelIdMappingRetryInterval}" />
	</bean>

	<bean id="messageSource" class="com.expedia.semantha.util.SemanthaMessageSource">
		<constructor-arg name="directory"
			value="${com.expedia.e3.platform.foundation.core.configuration/appconfig.root}/base/i18n" />
		<property name="basenames">
			<array>
				<value>messages</value>
				<value>english-only</value>
			</array>
		</property>
		<property name="defaultEncoding" value="UTF-8" />
	</bean>

	<bean id="cookieMaxAgeValue" class="java.lang.Integer">
		<constructor-arg>
			<util:constant static-field="java.lang.Integer.MAX_VALUE" />
		</constructor-arg>
	</bean>

	<bean id="localeResolver"
		class="org.springframework.web.servlet.i18n.CookieLocaleResolver">
		<property name="defaultLocale" value="${semantha.locale.default}" />
		<property name="cookieName" value="localeId" />
		<property name="cookieMaxAge" ref="cookieMaxAgeValue" />
	</bean>

	<bean id="currencyResolver"
		class="com.expedia.semantha.interceptor.CookieBasedAttributeResolver">
		<constructor-arg name="requestAttributeName" ref="currencyRequestAttributeName" />
		<constructor-arg name="defaultValue"
			value="${semantha.currencyCode.default}" />
		<property name="cookieName" value="cur" />
		<property name="cookieMaxAge" ref="cookieMaxAgeValue" />
	</bean>

	<bean id="supportedCurrencies" class="com.expedia.semantha.config.SupportedCurrencies">
		<constructor-arg name="messages" ref="messageSource" />
		<constructor-arg name="defaultCurrencyCode"
			value="${semantha.currencyCode.default}" />
		<constructor-arg name="otherCurrencyCodesDelimited"
			value="${semantha.currencyCodes.list}" />
		<constructor-arg name="otherCurrencyCodesDelimiter"
			value="${semantha.currencyCodes.delimiter}" />
	</bean>

	<bean id="lpasLodgingRequestProcesser"
		class="com.expedia.semantha.lodgingapi.LPASLodgingRequestProcessor">
	</bean>

	<bean id="lpasLodgingResponseProcesser"
		class="com.expedia.semantha.lodgingapi.LPASLodgingResponseProcessor">
		<!-- <constructor-arg name="isEmployeePricing" value="${semantha.lodgingAPI.isEmployeePricing}"/> -->
		<constructor-arg name="employeePricingAdjustmentDiscount"
			value="${semantha.lodgingAPI.employeePricingAdjustmentDiscount}" />
	</bean>

	<bean id="jsonBasedLPASLodgingClient"
		class="com.expedia.semantha.lodgingapi.JsonBasedLPASLodgingClient">
		<constructor-arg name="endpoint"
			value="${semantha.lodgingAPI.endpoint}" />
		<constructor-arg name="timeOutInMs"
			value="${semantha.lodgingAPI.timeOutInMs}" />
		<constructor-arg name="maxConnections"
			value="${semantha.lodgingAPI.maxConnections}" />
	</bean>

	<bean id="lpasLodgingAPI" class="com.expedia.semantha.lodgingapi.LPASLodgingAPI">
		<constructor-arg name="lodgingRequestProcessor" ref="lpasLodgingRequestProcesser" />
		<constructor-arg name="lodgingResponseProcessor" ref="lpasLodgingResponseProcesser" />
		<constructor-arg name="lodgingClient" ref="jsonBasedLPASLodgingClient" />
		<constructor-arg name="clientID" value="${semantha.lodgingAPI.client}" />
	</bean>

	<bean id="setFacebookAppConfig"
		class="org.springframework.beans.factory.config.MethodInvokingFactoryBean">
		<property name="staticMethod"
			value="com.expedia.semantha.servlet.ConfigProperties.loadFacebookAppConfig" />
		<property name="arguments">
			<list>
				<value>${facebook.appId}</value>
				<value>${facebook.apiVersion}</value>
			</list>
		</property>
	</bean>

	<bean id="setFacebookAuthEnableConfig"
		class="org.springframework.beans.factory.config.MethodInvokingFactoryBean">
		<property name="staticMethod"
			value="com.expedia.semantha.servlet.ConfigProperties.loadFacebookAuthConfig" />
		<property name="arguments">
			<list>
				<value>${fbAuth.enable}</value>
			</list>
		</property>
	</bean>
	<bean id="setSSLDatedSearchServiceLPASLodgingAPI"
		class="org.springframework.beans.factory.config.MethodInvokingFactoryBean">
		<property name="staticMethod"
			value="com.expedia.semantha.servlet.SSLDatedSearchService.setLPASLodgingAPI" />
		<property name="arguments">
			<list>
				<ref bean="lpasLodgingAPI" />
			</list>
		</property>
	</bean>

	<bean id="setNautilusVersionServiceHttpClient"
		class="org.springframework.beans.factory.config.MethodInvokingFactoryBean">
		<property name="staticMethod"
			value="com.expedia.semantha.servlet.NautilusVersionService.setHttpClient" />
		<property name="arguments">
			<list>
				<ref bean="httpClient" />
			</list>
		</property>
	</bean>

	<bean id="setNautilusVersionServiceURL"
		class="org.springframework.beans.factory.config.MethodInvokingFactoryBean">
		<property name="staticMethod"
			value="com.expedia.semantha.servlet.NautilusVersionService.setNautilusURL" />
		<property name="arguments">
			<list>
				<value>${semantha.NautilusService.url}</value>
			</list>
		</property>
	</bean>

	<bean id="setReviewServiceHttpClient"
		class="org.springframework.beans.factory.config.MethodInvokingFactoryBean">
		<property name="staticMethod"
			value="com.expedia.semantha.servlet.ReviewService.setHttpClient" />
		<property name="arguments">
			<list>
				<ref bean="httpClient" />
			</list>
		</property>
	</bean>

	<bean id="setReviewServiceURL"
		class="org.springframework.beans.factory.config.MethodInvokingFactoryBean">
		<property name="staticMethod"
			value="com.expedia.semantha.servlet.ReviewService.setReviewURL" />
		<property name="arguments">
			<list>
				<value>${semantha.reviews.reviewSummaryHost}</value>
			</list>
		</property>
	</bean>

	<bean id="setGoogleMapApiConfig"
		class="org.springframework.beans.factory.config.MethodInvokingFactoryBean">
		<property name="staticMethod"
			value="com.expedia.semantha.servlet.ConfigProperties.loadGoogleMapApiConfig" />
		<property name="arguments">
			<list>
				<value>${google.map.api}</value>
			</list>
		</property>
	</bean>

	<bean id="setAutoSuggestServiceConfig"
		class="org.springframework.beans.factory.config.MethodInvokingFactoryBean">
		<property name="staticMethod"
			value="com.expedia.semantha.servlet.ConfigProperties.loadAutoSuggestServiceConfig" />
		<property name="arguments">
			<list>
				<value>${semantha.AutoSuggestService.url}</value>
			</list>
		</property>
	</bean>

	<bean id="setSemanthaVersionConfig"
		class="org.springframework.beans.factory.config.MethodInvokingFactoryBean">
		<property name="staticMethod"
			value="com.expedia.semantha.servlet.ConfigProperties.loadSemanthaVersionConfig" />
		<property name="arguments">
			<list>
				<value>${semantha.version}</value>
			</list>
		</property>
	</bean>

	<bean id="setExperienceConfig"
		class="org.springframework.beans.factory.config.MethodInvokingFactoryBean">
		<property name="staticMethod"
			value="com.expedia.semantha.servlet.ConfigProperties.loadExperienceConfig" />
		<property name="arguments">
			<list>
				<value>${semantha.experience}</value>
			</list>
		</property>
	</bean>

	<bean id="nautilusResponseBuilder" class="com.expedia.semantha.util.NautilusResponseBuilder">
		<constructor-arg name="viewportHotelThreshold" type="int"
			value="${semantha.viewportHotelThreshold}" />
		<constructor-arg name="retainHotelFields" type="java.lang.String"
			value="${semantha.NautilusService.retainHotelFields}" />
	</bean>

	<bean id="setNautilusServiceConfig"
		class="org.springframework.beans.factory.config.MethodInvokingFactoryBean">
		<property name="staticMethod"
			value="com.expedia.semantha.servlet.NautilusService.setNautilusServiceConfig" />
		<property name="arguments">
			<list>
				<ref bean="nautilusResponseBuilder" />
				<value>${semantha.NautilusService.url}</value>
				<value>${semantha.NautilusService.userLocale}</value>
				<value>${semantha.NautilusService.version}</value>
				<value>${semantha.NautilusService.clientid}</value>
				<value>${semantha.NautilusService.trackingid}</value>
				<value>${semantha.NautilusService.limit}</value>
			</list>
		</property>
	</bean>


	<bean id="setNautilusHttpClient"
		class="org.springframework.beans.factory.config.MethodInvokingFactoryBean">
		<property name="staticMethod"
			value="com.expedia.semantha.servlet.NautilusService.setHttpClient" />
		<property name="arguments">
			<list>
				<ref bean="httpClient" />
			</list>
		</property>
	</bean>

	<!-- HotelSearchService servlet -->
	<bean id="setNautilusService"
		class="org.springframework.beans.factory.config.MethodInvokingFactoryBean">
		<property name="staticMethod"
			value="com.expedia.semantha.servlet.HotelSearchService.setNautilusService" />
		<property name="arguments">
			<list>
				<ref bean="nautilusService" />
			</list>
		</property>
	</bean>

	<bean id="setNautilusResponseHandler"
		class="org.springframework.beans.factory.config.MethodInvokingFactoryBean">
		<property name="staticMethod"
			value="com.expedia.semantha.servlet.HotelSearchService.setNautilusResponseBuilder" />
		<property name="arguments">
			<list>
				<ref bean="nautilusResponseBuilder" />
			</list>
		</property>
	</bean>

	<bean id="setHotelWorkerPipeline"
		class="org.springframework.beans.factory.config.MethodInvokingFactoryBean">
		<property name="staticMethod"
			value="com.expedia.semantha.servlet.HotelSearchService.setHotelWorkerPipeline" />
		<property name="arguments">
			<list>
				<list>
					<ref bean="hotelNameFilterWorker" />
					<ref bean="addHotelPriceWorker" />
					<ref bean="hotelPriceFilterWorker" />
					<ref bean="hotelSortWorker" />
				</list>
			</list>
		</property>
	</bean>
	
	<bean id="setHotelListMaxSize"
		class="org.springframework.beans.factory.config.MethodInvokingFactoryBean">
		<property name="staticMethod"
			value="com.expedia.semantha.servlet.HotelSearchService.setHotelListMaxSize" />
		<property name="arguments">
			<list>
				<value>${semantha.maxHotelSize}</value>
			</list>
		</property>
	</bean>

	<bean id="setCaptureServiceConfig"
		class="org.springframework.beans.factory.config.MethodInvokingFactoryBean">
		<property name="staticMethod"
			value="com.expedia.semantha.servlet.ConfigProperties.loadCaptureServiceConfig" />
		<property name="arguments">
			<list>
				<value>${semantha.capture.captureApiURL}</value>
			</list>
		</property>
	</bean>

	<bean id="setReviewSummaryHostConfig"
		class="org.springframework.beans.factory.config.MethodInvokingFactoryBean">
		<property name="staticMethod"
			value="com.expedia.semantha.servlet.ConfigProperties.loadReviewSummaryHost" />
		<property name="arguments">
			<list>
				<value>${semantha.reviews.reviewSummaryHost}</value>
			</list>
		</property>
	</bean>

	<bean id="setDynamicMapsServiceConfig"
		class="org.springframework.beans.factory.config.MethodInvokingFactoryBean">
		<property name="staticMethod"
			value="com.expedia.semantha.servlet.ConfigProperties.loadDynamicMapsServiceConfig" />
		<property name="arguments">
			<list>
				<value>${semantha.DynamicMaps.host}</value>
				<value>${semantha.DynamicMaps.protocol}</value>
				<value>${semantha.DynamicMaps.channel}</value>
			</list>
		</property>
	</bean>

	<bean id="setTripServiceEndpoint"
		class="org.springframework.beans.factory.config.MethodInvokingFactoryBean">
		<property name="staticMethod"
			value="com.expedia.semantha.servlet.ConfigProperties.loadTripServiceEndpoint" />
		<property name="arguments">
			<list>
				<value>${semantha.tripService.endpoint}</value>
			</list>
		</property>
	</bean>

	<bean id="setAlumniServiceEndpoint"
		class="org.springframework.beans.factory.config.MethodInvokingFactoryBean">
		<property name="staticMethod"
			value="com.expedia.semantha.servlet.ConfigProperties.loadAlumniServiceEndpoint" />
		<property name="arguments">
			<list>
				<value>${semantha.AlumniService.url}</value>
			</list>
		</property>
	</bean>

	<bean id="setAlumniURL"
		class="org.springframework.beans.factory.config.MethodInvokingFactoryBean">
		<property name="staticMethod"
			value="com.expedia.semantha.servlet.Alumni.setAlumniURL" />
		<property name="arguments">
			<list>
				<value>${semantha.AlumniService.url}</value>
			</list>
		</property>
	</bean>

	<bean id="setAlumniHttpClient"
		class="org.springframework.beans.factory.config.MethodInvokingFactoryBean">
		<property name="staticMethod"
			value="com.expedia.semantha.servlet.Alumni.setHttpClient" />
		<property name="arguments">
			<list>
				<ref bean="httpClient" />
			</list>
		</property>
	</bean>

	<bean id="setTravelNow"
		class="org.springframework.beans.factory.config.MethodInvokingFactoryBean">
		<property name="staticMethod"
			value="com.expedia.semantha.servlet.ConfigProperties.loadTravelNowEndpoint" />
		<property name="arguments">
			<list>
				<value>${semantha.travelNow.endpoint}</value>
			</list>
		</property>
	</bean>

	<bean id="setSoldOutMessage"
		class="org.springframework.beans.factory.config.MethodInvokingFactoryBean">
		<property name="staticMethod"
			value="com.expedia.semantha.util.JsonHelper.setSoldOutMessage" />
		<property name="arguments">
			<list>
				<value>${semantha.soldOutMessage}</value>
			</list>
		</property>
	</bean>

	<bean id="xstreamMarshaller" class="org.springframework.oxm.xstream.XStreamMarshaller" />

	<bean id="setAmenityIdsMapping"
		class="org.springframework.beans.factory.config.MethodInvokingFactoryBean">
		<property name="staticMethod"
			value="com.expedia.semantha.servlet.ConfigProperties.loadLCMAmenityIdsMapping" />
		<property name="arguments">
			<list>
				<map>
					<entry>
						<key>
							<value>1660</value>
						</key>
						<list>
							<value>2186</value>
							<value>4697</value>
							<value>4698</value>
						</list>
					</entry>
					<entry>
						<key>
							<value>10</value>
						</key>
						<list>
							<value>2424</value>
						</list>
					</entry>
					<entry>
						<key>
							<value>20</value>
						</key>
						<list>
							<value>2420</value>
						</list>
					</entry>
					<entry>
						<key>
							<value>30</value>
						</key>
						<list>
							<value>4780</value>
							<value>4781</value>
							<value>4779</value>
							<value>4936</value>
							<value>2424</value>
							<value>2420</value>
							<value>2419</value>
							<value>2425</value>
							<value>2422</value>
							<value>2423</value>
							<value>2421</value>
							<value>27</value>
							<value>121</value>
						</list>
					</entry>
					<entry>
						<key>
							<value>40</value>
						</key>
						<list>
							<value>2419</value>
						</list>
					</entry>
					<entry>
						<key>
							<value>50</value>
						</key>
						<list>
							<value>2425</value>
						</list>
					</entry>
					<entry>
						<key>
							<value>60</value>
						</key>
						<list>
							<value>2422</value>
						</list>
					</entry>
					<entry>
						<key>
							<value>70</value>
						</key>
						<list>
							<value>2423</value>
						</list>
					</entry>
					<entry>
						<key>
							<value>80</value>
						</key>
						<list>
							<value>4781</value>
							<value>2421</value>
						</list>
					</entry>
					<entry>
						<key>
							<value>90</value>
						</key>
						<list>
							<value>4779</value>
						</list>
					</entry>
					<entry>
						<key>
							<value>100</value>
						</key>
						<list>
							<value>4936</value>
							<value>27</value>
							<value>121</value>
						</list>
					</entry>
					<entry>
						<key>
							<value>110</value>
						</key>
						<list>
							<value>1</value>
						</list>
					</entry>
					<entry>
						<key>
							<value>120</value>
						</key>
						<list>
							<value>69</value>
							<value>2322</value>
						</list>
					</entry>
					<entry>
						<key>
							<value>130</value>
						</key>
						<list>
							<value>10</value>
							<value>4004</value>
							<value>4005</value>
						</list>
					</entry>
					<entry>
						<key>
							<value>140</value>
						</key>
						<list>
							<value>56</value>
							<value>2353</value>
							<value>4006</value>
							<value>4007</value>
							<value>10</value>
							<value>4004</value>
							<value>4005</value>
						</list>
					</entry>
					<entry>
						<key>
							<value>150</value>
						</key>
						<list>
							<value>2323</value>
						</list>
					</entry>
					<entry>
						<key>
							<value>160</value>
						</key>
						<list>
							<value>4428</value>
							<value>4429</value>
						</list>
					</entry>
					<entry>
						<key>
							<value>170</value>
						</key>
						<list>
							<value>2942</value>
							<value>2943</value>
						</list>
					</entry>
					<entry>
						<key>
							<value>180</value>
						</key>
						<list>
							<value>2946</value>
							<value>2947</value>
						</list>
					</entry>
					<entry>
						<key>
							<value>190</value>
						</key>
						<list>
							<value>2948</value>
							<value>2949</value>
						</list>
					</entry>
					<entry>
						<key>
							<value>200</value>
						</key>
						<list>
							<value>2136</value>
							<value>4421</value>
							<value>4422</value>
						</list>
					</entry>
					<entry>
						<key>
							<value>210</value>
						</key>
						<list>
							<value>2950</value>
							<value>2951</value>
						</list>
					</entry>
					<entry>
						<key>
							<value>220</value>
						</key>
						<list>
							<value>2528</value>
							<value>2354</value>
							<value>2529</value>
							<value>4429</value>
							<value>2943</value>
							<value>2947</value>
							<value>2949</value>
							<value>4421</value>
							<value>2951</value>
							<value>4428</value>
							<value>2942</value>
							<value>2946</value>
							<value>2948</value>
							<value>2136</value>
							<value>2950</value>
							<value>4422</value>
						</list>
					</entry>
					<entry>
						<key>
							<value>230</value>
						</key>
						<list>
							<value>3815</value>
						</list>
					</entry>
					<entry>
						<key>
							<value>240</value>
						</key>
						<list>
							<value>318</value>
							<value>3779</value>
						</list>
					</entry>
					<entry>
						<key>
							<value>250</value>
						</key>
						<list>
							<value>3</value>
						</list>
					</entry>
					<entry>
						<key>
							<value>260</value>
						</key>
						<list>
							<value>3777</value>
						</list>
					</entry>
					<entry>
						<key>
							<value>270</value>
						</key>
						<list>
							<value>4471</value>
						</list>
					</entry>
					<entry>
						<key>
							<value>280</value>
						</key>
						<list>
							<value>4473</value>
						</list>
					</entry>
					<entry>
						<key>
							<value>300</value>
						</key>
						<list>
							<value>4477</value>
							<value>4471</value>
							<value>4439</value>
						</list>
					</entry>
					<entry>
						<key>
							<value>310</value>
						</key>
						<list>
							<value>4474</value>
						</list>
					</entry>
					<entry>
						<key>
							<value>320</value>
						</key>
						<list>
							<value>4439</value>
						</list>
					</entry>
					<entry>
						<key>
							<value>330</value>
						</key>
						<list>
							<value>2325</value>
							<value>4471</value>
							<value>4473</value>
							<value>4476</value>
							<value>4477</value>
							<value>4474</value>
							<value>4439</value>
						</list>
					</entry>
					<entry>
						<key>
							<value>340</value>
						</key>
						<list>
							<value>4491</value>
						</list>
					</entry>
					<entry>
						<key>
							<value>360</value>
						</key>
						<list>
							<value>3801</value>
							<value>3778</value>
						</list>
					</entry>
					<entry>
						<key>
							<value>370</value>
						</key>
						<list>
							<value>3778</value>
						</list>
					</entry>
					<entry>
						<key>
							<value>380</value>
						</key>
						<list>
							<value>3803</value>
						</list>
					</entry>
					<entry>
						<key>
							<value>390</value>
						</key>
						<list>
							<value>4503</value>
						</list>
					</entry>
					<entry>
						<key>
							<value>400</value>
						</key>
						<list>
							<value>381</value>
						</list>
					</entry>
					<entry>
						<key>
							<value>410</value>
						</key>
						<list>
							<value>3821</value>
						</list>
					</entry>
					<entry>
						<key>
							<value>420</value>
						</key>
						<list>
							<value>4495</value>
						</list>
					</entry>
					<entry>
						<key>
							<value>430</value>
						</key>
						<list>
							<value>3831</value>
						</list>
					</entry>
					<entry>
						<key>
							<value>440</value>
						</key>
						<list>
							<value>3804</value>
							<value>3821</value>
							<value>4495</value>
							<value>381</value>
							<value>3828</value>
							<value>3831</value>
						</list>
					</entry>
					<entry>
						<key>
							<value>450</value>
						</key>
						<list>
							<value>3828</value>
						</list>
					</entry>
					<entry>
						<key>
							<value>460</value>
						</key>
						<list>
							<value>2331</value>
						</list>
					</entry>
					<entry>
						<key>
							<value>470</value>
						</key>
						<list>
							<value>2327</value>
							<value>2343</value>
							<value>2345</value>
							<value>5022</value>
						</list>
					</entry>
					<entry>
						<key>
							<value>480</value>
						</key>
						<list>
							<value>2001</value>
							<value>2533</value>
							<value>2941</value>
							<value>3968</value>
							<value>3969</value>
							<value>4646</value>
							<value>4647</value>
							<value>4648</value>
							<value>4649</value>
							<value>4650</value>
							<value>4651</value>
						</list>
					</entry>
					<entry>
						<key>
							<value>490</value>
						</key>
						<list>
							<value>361</value>
							<value>3547</value>
							<value>3954</value>
							<value>3961</value>
							<value>3966</value>
							<value>3967</value>
							<value>4652</value>
							<value>4653</value>
							<value>4654</value>
							<value>4655</value>
							<value>4656</value>
							<value>4657</value>
							<value>2001</value>
							<value>2533</value>
							<value>2941</value>
							<value>3968</value>
							<value>3969</value>
							<value>4646</value>
							<value>4647</value>
							<value>4648</value>
							<value>4649</value>
							<value>4650</value>
							<value>4651</value>
						</list>
					</entry>
					<entry>
						<key>
							<value>500</value>
						</key>
						<list>
							<value>3806</value>
						</list>
					</entry>
					<entry>
						<key>
							<value>510</value>
						</key>
						<list>
							<value>2328</value>
						</list>
					</entry>
					<entry>
						<key>
							<value>520</value>
						</key>
						<list>
							<value>2538</value>
						</list>
					</entry>
					<entry>
						<key>
							<value>530</value>
						</key>
						<list>
							<value>2065</value>
							<value>2538</value>
						</list>
					</entry>
					<entry>
						<key>
							<value>540</value>
						</key>
						<list>
							<value>200</value>
						</list>
					</entry>
					<entry>
						<key>
							<value>550</value>
						</key>
						<list>
							<value>3829</value>
						</list>
					</entry>
					<entry>
						<key>
							<value>560</value>
						</key>
						<list>
							<value>2112</value>
							<value>2329</value>
						</list>
					</entry>
					<entry>
						<key>
							<value>570</value>
						</key>
						<list>
							<value>6</value>
							<value>4695</value>
							<value>4696</value>
							<value>2151</value>
						</list>
					</entry>
					<entry>
						<key>
							<value>580</value>
						</key>
						<list>
							<value>4420</value>
						</list>
					</entry>
					<entry>
						<key>
							<value>590</value>
						</key>
						<list>
							<value>2330</value>
						</list>
					</entry>
					<entry>
						<key>
							<value>600</value>
						</key>
						<list>
							<value>4951</value>
							<value>4950</value>
							<value>2045</value>
						</list>
					</entry>
					<entry>
						<key>
							<value>610</value>
						</key>
						<list>
							<value>3837</value>
						</list>
					</entry>
					<entry>
						<key>
							<value>620</value>
						</key>
						<list>
							<value>2086</value>
						</list>
					</entry>
					<entry>
						<key>
							<value>630</value>
						</key>
						<list>
							<value>306</value>
							<value>2333</value>
						</list>
					</entry>
					<entry>
						<key>
							<value>640</value>
						</key>
						<list>
							<value>147</value>
						</list>
					</entry>
					<entry>
						<key>
							<value>650</value>
						</key>
						<list>
							<value>3810</value>
						</list>
					</entry>
					<entry>
						<key>
							<value>660</value>
						</key>
						<list>
							<value>3814</value>
							<value>2334</value>
							<value>2617</value>
						</list>
					</entry>
					<entry>
						<key>
							<value>670</value>
						</key>
						<list>
							<value>2332</value>
						</list>
					</entry>
					<entry>
						<key>
							<value>680</value>
						</key>
						<list>
							<value>4468</value>
							<value>5054</value>
						</list>
					</entry>
					<entry>
						<key>
							<value>690</value>
						</key>
						<list>
							<value>9</value>
							<value>2008</value>
							<value>4468</value>
							<value>5054</value>
						</list>
					</entry>
					<entry>
						<key>
							<value>700</value>
						</key>
						<list>
							<value>144</value>
							<value>2180</value>
						</list>
					</entry>
					<entry>
						<key>
							<value>710</value>
						</key>
						<list>
							<value>3816</value>
						</list>
					</entry>
					<entry>
						<key>
							<value>720</value>
						</key>
						<list>
							<value>2336</value>
							<value>5002</value>
						</list>
					</entry>
					<entry>
						<key>
							<value>730</value>
						</key>
						<list>
							<value>3817</value>
						</list>
					</entry>
					<entry>
						<key>
							<value>740</value>
						</key>
						<list>
							<value>5004</value>
						</list>
					</entry>
					<entry>
						<key>
							<value>750</value>
						</key>
						<list>
							<value>148</value>
							<value>3859</value>
							<value>371</value>
						</list>
					</entry>
					<entry>
						<key>
							<value>760</value>
						</key>
						<list>
							<value>3818</value>
						</list>
					</entry>
					<entry>
						<key>
							<value>770</value>
						</key>
						<list>
							<value>4398</value>
						</list>
					</entry>
					<entry>
						<key>
							<value>780</value>
						</key>
						<list>
							<value>3819</value>
						</list>
					</entry>
					<entry>
						<key>
							<value>790</value>
						</key>
						<list>
							<value>2127</value>
							<value>2156</value>
							<value>2392</value>
							<value>2405</value>
						</list>
					</entry>
					<entry>
						<key>
							<value>800</value>
						</key>
						<list>
							<value>2390</value>
							<value>2403</value>
						</list>
					</entry>
					<entry>
						<key>
							<value>810</value>
						</key>
						<list>
							<value>2100</value>
							<value>2101</value>
							<value>2391</value>
							<value>2404</value>
							<value>2390</value>
							<value>2403</value>
						</list>
					</entry>
					<entry>
						<key>
							<value>820</value>
						</key>
						<list>
							<value>333</value>
							<value>2046</value>
							<value>2125</value>
							<value>2157</value>
							<value>2393</value>
							<value>2406</value>
							<value>2127</value>
							<value>2156</value>
							<value>2392</value>
							<value>2405</value>
							<value>2100</value>
							<value>2101</value>
							<value>2391</value>
							<value>2404</value>
							<value>2390</value>
							<value>2403</value>
						</list>
					</entry>
					<entry>
						<key>
							<value>830</value>
						</key>
						<list>
							<value>3820</value>
						</list>
					</entry>
					<entry>
						<key>
							<value>840</value>
						</key>
						<list>
							<value>2158</value>
							<value>312</value>
						</list>
					</entry>
					<entry>
						<key>
							<value>850</value>
						</key>
						<list>
							<value>4501</value>
						</list>
					</entry>
					<entry>
						<key>
							<value>860</value>
						</key>
						<list>
							<value>2070</value>
						</list>
					</entry>
					<entry>
						<key>
							<value>870</value>
						</key>
						<list>
							<value>5003</value>
						</list>
					</entry>
					<entry>
						<key>
							<value>880</value>
						</key>
						<list>
							<value>2337</value>
						</list>
					</entry>
					<entry>
						<key>
							<value>890</value>
						</key>
						<list>
							<value>2128</value>
						</list>
					</entry>
					<entry>
						<key>
							<value>900</value>
						</key>
						<list>
							<value>2160</value>
							<value>2129</value>
							<value>3615</value>
						</list>
					</entry>
					<entry>
						<key>
							<value>910</value>
						</key>
						<list>
							<value>131</value>
						</list>
					</entry>
					<entry>
						<key>
							<value>920</value>
						</key>
						<list>
							<value>3822</value>
						</list>
					</entry>
					<entry>
						<key>
							<value>930</value>
						</key>
						<list>
							<value>2010</value>
						</list>
					</entry>
					<entry>
						<key>
							<value>940</value>
						</key>
						<list>
							<value>3823</value>
						</list>
					</entry>
					<entry>
						<key>
							<value>950</value>
						</key>
						<list>
							<value>2011</value>
							<value>2553</value>
							<value>3761</value>
							<value>3861</value>
							<value>3863</value>
							<value>4440</value>
							<value>4442</value>
							<value>4443</value>
							<value>4445</value>
							<value>4447</value>
							<value>4449</value>
							<value>4450</value>
							<value>4454</value>
							<value>4457</value>
							<value>4452</value>
						</list>
					</entry>
					<entry>
						<key>
							<value>960</value>
						</key>
						<list>
							<value>4452</value>
						</list>
					</entry>
					<entry>
						<key>
							<value>970</value>
						</key>
						<list>
							<value>2783</value>
							<value>4453</value>
							<value>4452</value>
						</list>
					</entry>
					<entry>
						<key>
							<value>980</value>
						</key>
						<list>
							<value>28</value>
							<value>323</value>
							<value>2012</value>
							<value>2013</value>
							<value>2132</value>
							<value>2133</value>
							<value>2798</value>
							<value>3728</value>
							<value>3762</value>
							<value>3862</value>
							<value>3864</value>
							<value>4441</value>
							<value>4444</value>
							<value>4446</value>
							<value>4448</value>
							<value>4451</value>
							<value>4459</value>
							<value>4460</value>
							<value>2011</value>
							<value>2553</value>
							<value>3761</value>
							<value>3861</value>
							<value>3863</value>
							<value>4440</value>
							<value>4442</value>
							<value>4443</value>
							<value>4445</value>
							<value>4447</value>
							<value>4449</value>
							<value>4450</value>
							<value>4454</value>
							<value>4457</value>
							<value>2783</value>
							<value>4453</value>
							<value>4452</value>
						</list>
					</entry>
					<entry>
						<key>
							<value>990</value>
						</key>
						<list>
							<value>2338</value>
							<value>3981</value>
							<value>2811</value>
							<value>51</value>
						</list>
					</entry>
					<entry>
						<key>
							<value>1000</value>
						</key>
						<list>
							<value>3825</value>
						</list>
					</entry>
					<entry>
						<key>
							<value>1010</value>
						</key>
						<list>
							<value>14</value>
						</list>
					</entry>
					<entry>
						<key>
							<value>1020</value>
						</key>
						<list>
							<value>24</value>
							<value>2138</value>
						</list>
					</entry>
					<entry>
						<key>
							<value>1030</value>
						</key>
						<list>
							<value>2859</value>
							<value>2860</value>
						</list>
					</entry>
					<entry>
						<key>
							<value>1040</value>
						</key>
						<list>
							<value>2014</value>
							<value>2074</value>
							<value>14</value>
							<value>24</value>
							<value>2138</value>
							<value>2859</value>
							<value>2860</value>
						</list>
					</entry>
					<entry>
						<key>
							<value>1050</value>
						</key>
						<list>
							<value>400</value>
						</list>
					</entry>
					<entry>
						<key>
							<value>1060</value>
						</key>
						<list>
							<value>3726</value>
						</list>
					</entry>
					<entry>
						<key>
							<value>1070</value>
						</key>
						<list>
							<value>2080</value>
							<value>4431</value>
						</list>
					</entry>
					<entry>
						<key>
							<value>1080</value>
						</key>
						<list>
							<value>3826</value>
						</list>
					</entry>
					<entry>
						<key>
							<value>1090</value>
						</key>
						<list>
							<value>3827</value>
						</list>
					</entry>
					<entry>
						<key>
							<value>1100</value>
						</key>
						<list>
							<value>130</value>
							<value>2181</value>
						</list>
					</entry>
					<entry>
						<key>
							<value>1110</value>
						</key>
						<list>
							<value>19</value>
						</list>
					</entry>
					<entry>
						<key>
							<value>1120</value>
						</key>
						<list>
							<value>5097</value>
						</list>
					</entry>
					<entry>
						<key>
							<value>1130</value>
						</key>
						<list>
							<value>2339</value>
						</list>
					</entry>
					<entry>
						<key>
							<value>1140</value>
						</key>
						<list>
							<value>2015</value>
						</list>
					</entry>
					<entry>
						<key>
							<value>1150</value>
						</key>
						<list>
							<value>20</value>
							<value>2053</value>
							<value>4515</value>
							<value>4516</value>
							<value>4517</value>
							<value>4518</value>
							<value>4658</value>
							<value>2015</value>
						</list>
					</entry>
					<entry>
						<key>
							<value>1160</value>
						</key>
						<list>
							<value>3830</value>
						</list>
					</entry>
					<entry>
						<key>
							<value>1170</value>
						</key>
						<list>
							<value>5027</value>
						</list>
					</entry>
					<entry>
						<key>
							<value>1180</value>
						</key>
						<list>
							<value>2135</value>
						</list>
					</entry>
					<entry>
						<key>
							<value>1190</value>
						</key>
						<list>
							<value>3833</value>
						</list>
					</entry>
					<entry>
						<key>
							<value>1200</value>
						</key>
						<list>
							<value>3926</value>
						</list>
					</entry>
					<entry>
						<key>
							<value>1210</value>
						</key>
						<list>
							<value>3834</value>
						</list>
					</entry>
					<entry>
						<key>
							<value>1220</value>
						</key>
						<list>
							<value>3838</value>
							<value>4012</value>
							<value>4406</value>
							<value>2082</value>
						</list>
					</entry>
					<entry>
						<key>
							<value>1230</value>
						</key>
						<list>
							<value>354</value>
						</list>
					</entry>
					<entry>
						<key>
							<value>1240</value>
						</key>
						<list>
							<value>2082</value>
						</list>
					</entry>
					<entry>
						<key>
							<value>1250</value>
						</key>
						<list>
							<value>3839</value>
						</list>
					</entry>
					<entry>
						<key>
							<value>1260</value>
						</key>
						<list>
							<value>4400</value>
						</list>
					</entry>
					<entry>
						<key>
							<value>1270</value>
						</key>
						<list>
							<value>2137</value>
							<value>3268</value>
						</list>
					</entry>
					<entry>
						<key>
							<value>1280</value>
						</key>
						<list>
							<value>3840</value>
						</list>
					</entry>
					<entry>
						<key>
							<value>1290</value>
						</key>
						<list>
							<value>4404</value>
						</list>
					</entry>
					<entry>
						<key>
							<value>1300</value>
						</key>
						<list>
							<value>3841</value>
						</list>
					</entry>
					<entry>
						<key>
							<value>1310</value>
						</key>
						<list>
							<value>3842</value>
						</list>
					</entry>
					<entry>
						<key>
							<value>1320</value>
						</key>
						<list>
							<value>3843</value>
						</list>
					</entry>
					<entry>
						<key>
							<value>1330</value>
						</key>
						<list>
							<value>3844</value>
						</list>
					</entry>
					<entry>
						<key>
							<value>1340</value>
						</key>
						<list>
							<value>2038</value>
						</list>
					</entry>
					<entry>
						<key>
							<value>1350</value>
						</key>
						<list>
							<value>2123</value>
							<value>2341</value>
						</list>
					</entry>
					<entry>
						<key>
							<value>1360</value>
						</key>
						<list>
							<value>2134</value>
						</list>
					</entry>
					<entry>
						<key>
							<value>1370</value>
						</key>
						<list>
							<value>3846</value>
						</list>
					</entry>
					<entry>
						<key>
							<value>1380</value>
						</key>
						<list>
							<value>2000</value>
						</list>
					</entry>
					<entry>
						<key>
							<value>1390</value>
						</key>
						<list>
							<value>3849</value>
						</list>
					</entry>
					<entry>
						<key>
							<value>1400</value>
						</key>
						<list>
							<value>3373</value>
							<value>3374</value>
						</list>
					</entry>
					<entry>
						<key>
							<value>1410</value>
						</key>
						<list>
							<value>3375</value>
							<value>3376</value>
						</list>
					</entry>
					<entry>
						<key>
							<value>1420</value>
						</key>
						<list>
							<value>2618</value>
							<value>3373</value>
							<value>3374</value>
							<value>3375</value>
							<value>3376</value>
						</list>
					</entry>
					<entry>
						<key>
							<value>1430</value>
						</key>
						<list>
							<value>3850</value>
						</list>
					</entry>
					<entry>
						<key>
							<value>1440</value>
						</key>
						<list>
							<value>4402</value>
						</list>
					</entry>
					<entry>
						<key>
							<value>1450</value>
						</key>
						<list>
							<value>3361</value>
						</list>
					</entry>
					<entry>
						<key>
							<value>1460</value>
						</key>
						<list>
							<value>2590</value>
						</list>
					</entry>
					<entry>
						<key>
							<value>1470</value>
						</key>
						<list>
							<value>3359</value>
						</list>
					</entry>
					<entry>
						<key>
							<value>1480</value>
						</key>
						<list>
							<value>2584</value>
						</list>
					</entry>
					<entry>
						<key>
							<value>1490</value>
						</key>
						<list>
							<value>2586</value>
						</list>
					</entry>
					<entry>
						<key>
							<value>1500</value>
						</key>
						<list>
							<value>2588</value>
							<value>3360</value>
						</list>
					</entry>
					<entry>
						<key>
							<value>1510</value>
						</key>
						<list>
							<value>2591</value>
						</list>
					</entry>
					<entry>
						<key>
							<value>1520</value>
						</key>
						<list>
							<value>2585</value>
						</list>
					</entry>
					<entry>
						<key>
							<value>1530</value>
						</key>
						<list>
							<value>2583</value>
						</list>
					</entry>
					<entry>
						<key>
							<value>1540</value>
						</key>
						<list>
							<value>2581</value>
							<value>2585</value>
							<value>2583</value>
							<value>2588</value>
							<value>2584</value>
							<value>3361</value>
						</list>
					</entry>
					<entry>
						<key>
							<value>1550</value>
						</key>
						<list>
							<value>2582</value>
							<value>2587</value>
							<value>3361</value>
							<value>2590</value>
							<value>3359</value>
							<value>2584</value>
							<value>2586</value>
							<value>2588</value>
							<value>2591</value>
							<value>2585</value>
							<value>2583</value>
							<value>2581</value>
						</list>
					</entry>
					<entry>
						<key>
							<value>1570</value>
						</key>
						<list>
							<value>3851</value>
						</list>
					</entry>
					<entry>
						<key>
							<value>1580</value>
						</key>
						<list>
							<value>340</value>
						</list>
					</entry>
					<entry>
						<key>
							<value>1590</value>
						</key>
						<list>
							<value>3852</value>
						</list>
					</entry>
					<entry>
						<key>
							<value>1600</value>
						</key>
						<list>
							<value>2819</value>
							<value>4174</value>
							<value>4175</value>
						</list>
					</entry>
					<entry>
						<key>
							<value>1610</value>
						</key>
						<list>
							<value>3853</value>
						</list>
					</entry>
					<entry>
						<key>
							<value>1620</value>
						</key>
						<list>
							<value>3854</value>
						</list>
					</entry>
					<entry>
						<key>
							<value>1630</value>
						</key>
						<list>
							<value>5020</value>
							<value>4025</value>
						</list>
					</entry>
					<entry>
						<key>
							<value>1640</value>
						</key>
						<list>
							<value>4497</value>
							<value>3824</value>
							<value>3855</value>
						</list>
					</entry>
					<entry>
						<key>
							<value>1650</value>
						</key>
						<list>
							<value>5104</value>
						</list>
					</entry>
				</map>
			</list>
		</property>
	</bean>

</beans>
