Category,Affinity ID,Top level menu name,Sub menu name,User feedback name,attribute ID,,,,,,,,,,,,,,,,,,,,,,,,,,,,,,,,,,
Amenity,ACCESSIBILITY_EQUIPMENT_FOR_THE_DEAF,Accessibility,Accessibility equipment for the deaf,accessibility equipment for the deaf,2424,,,,,,,,,,,,,,,,,,,,,,,,,,,,,,,,,,
Amenity,ACCESSIBLE_BATHROOM,Accessibility,Accessible bathroom,accessible bathroom,2420,,,,,,,,,,,,,,,,,,,,,,,,,,,,,,,,,,
Amenity,ACCESSIBLE_FEATURES,Accessibility,Accessible features,accessible features,4780,4781,4779,4936,2424,2420,2419,2425,2422,2423,2421,27,121,,,,,,,,,,,,,,,,,,,,,,
Amenity,ACCESSIBLE_PATH_OF_TRAVEL,Accessibility,Accessible path of travel,accessible path of travel,2419,,,,,,,,,,,,,,,,,,,,,,,,,,,,,,,,,,
Amenity,BRAILLE_OR_RAISED_SIGNAGE,Accessibility,Braille or raised signage,braille or raised signage,2425,,,,,,,,,,,,,,,,,,,,,,,,,,,,,,,,,,
Amenity,DISABLED_PARKING,Accessibility,Disabled parking,disabled parking,2422,,,,,,,,,,,,,,,,,,,,,,,,,,,,,,,,,,
Amenity,IN_ROOM_ACCESSIBILITY,Accessibility,In-room accessibility,in-room accessibility,2423,,,,,,,,,,,,,,,,,,,,,,,,,,,,,,,,,,
Amenity,ROLL_IN_SHOWER,Accessibility,Roll In Shower,roll in shower,4781,2421,,,,,,,,,,,,,,,,,,,,,,,,,,,,,,,,,
Amenity,WALK_IN_SHOWER,Accessibility,Walk In Shower,walk in shower,4779,,,,,,,,,,,,,,,,,,,,,,,,,,,,,,,,,,
Amenity,WHEELCHAIR_ACCESSIBLE,Accessibility,Wheelchair Accessible,wheelchair accessible,4936,27,121,,,,,,,,,,,,,,,,,,,,,,,,,,,,,,,,
Amenity,AIR_CONDITIONING,Air conditioning,,air conditioning,1,,,,,,,,,,,,,,,,,,,,,,,,,,,,,,,,,,
Theme,AIRPORT,Airport,,airport,2322,69,,,,,,,,,,,,,,,,,,,,,,,,,,,,,,,,,
Amenity,FREE_AIRPORT_SHUTTLE,Airport shuttle,Free,free airport shuttle,10,4004,4005,,,,,,,,,,,,,,,,,,,,,,,,,,,,,,,,
Amenity,AIRPORT_SHUTTLE,Airport shuttle,,airport shuttle,56,2353,4006,4007,10,4004,4005,,,,,,,,,,,,,,,,,,,,,,,,,,,,
Amenity,ALL_INCLUSIVE,All-inclusive options,,all-inclusive options,2323,,,,,,,,,,,,,,,,,,,,,,,,,,,,,,,,,,
Amenity,BEACH_SHUTTLE,Shuttle,Beach,beach shuttle,4428,4429,,,,,,,,,,,,,,,,,,,,,,,,,,,,,,,,,
Amenity,CASINO_SHUTTLE,Shuttle,Casino,casino shuttle,2942,2943,,,,,,,,,,,,,,,,,,,,,,,,,,,,,,,,,
Amenity,FERRY_TERMINAL_SHUTTLE,Shuttle,Ferry terminal,ferry terminal shuttle,2946,2947,,,,,,,,,,,,,,,,,,,,,,,,,,,,,,,,,
Amenity,SHOPPING,Shuttle,Shopping center,shopping center shuttle,2948,2949,,,,,,,,,,,,,,,,,,,,,,,,,,,,,,,,,
Amenity,SKI_SHUTTLE,Shuttle,Ski,ski shuttle,2136,4421,4422,,,,,,,,,,,,,,,,,,,,,,,,,,,,,,,,
Amenity,THEME_PARK_SHUTTLE,Shuttle,Theme park,theme park shuttle,2950,2951,,,,,,,,,,,,,,,,,,,,,,,,,,,,,,,,,
Amenity,TRANSPORTATION_SERVICES,Shuttle,,area shuttle,2528,2354,2529,4429,2943,2947,2949,4421,2951,4428,2942,2946,2948,2136,2950,4422,,,,,,,,,,,,,,,,,,,
Amenity,ARIAL_TOUR,Arial tour,,arial tour,3815,,,,,,,,,,,,,,,,,,,,,,,,,,,,,,,,,,
Amenity,BALCONY,Balcony,Balcony,balcony,318,3779,,,,,,,,,,,,,,,,,,,,,,,,,,,,,,,,,
Amenity,BAR,Bar,Bar/lounge,bar or lounge,3,,,,,,,,,,,,,,,,,,,,,,,,,,,,,,,,,,
Amenity,BEACH_BAR,Bar,Beach bar,beach bar,3777,,,,,,,,,,,,,,,,,,,,,,,,,,,,,,,,,,
Theme,BEACH,Beach,,beach,2325,4471,4473,4476,4477,4474,4439,,,,,,,,,,,,,,,,,,,,,,,,,,,,
Amenity,BEACH_VOLLEYBALL,Beach volleyball,,beach volleyball,4491,,,,,,,,,,,,,,,,,,,,,,,,,,,,,,,,,,
Amenity,BIKING,Bicycle,Bicycle rentals,bicycle rentals,3801,3778,,,,,,,,,,,,,,,,,,,,,,,,,,,,,,,,,
Amenity,COMP_BICYCLES,Bicycle,Free bicycle rentals,free bicycle rentals,3778,,,,,,,,,,,,,,,,,,,,,,,,,,,,,,,,,,
Amenity,BOAT_LAUNCH,Boat launch,,boat launch,3803,,,,,,,,,,,,,,,,,,,,,,,,,,,,,,,,,,
Amenity,BOAT_TOURS,Boat tours,,boat tours,4503,,,,,,,,,,,,,,,,,,,,,,,,,,,,,,,,,,
Amenity,JET_SKI,Boating,Jet ski,jet ski,381,,,,,,,,,,,,,,,,,,,,,,,,,,,,,,,,,,
Amenity,MOTOR_BOATING,Boating,Motor boating,motor boating,3821,,,,,,,,,,,,,,,,,,,,,,,,,,,,,,,,,,
Amenity,PADDLE_BOAT,Boating,Paddle Boating,paddle boating,4495,,,,,,,,,,,,,,,,,,,,,,,,,,,,,,,,,,
Amenity,SAILING,Boating,Sailing,sailing,3831,,,,,,,,,,,,,,,,,,,,,,,,,,,,,,,,,,
Amenity,BOATING,Boating,,boating,3804,3821,4495,381,3828,3831,,,,,,,,,,,,,,,,,,,,,,,,,,,,,
Amenity,ROWBOATS,Boats,Rowboats,rowboats,3828,,,,,,,,,,,,,,,,,,,,,,,,,,,,,,,,,,
Theme,DESIGN,Boutique,Design,design,2331,,,,,,,,,,,,,,,,,,,,,,,,,,,,,,,,,,
Theme,BOUTIQUE,Boutique,,boutique,2327,2343,2345,5022,,,,,,,,,,,,,,,,,,,,,,,,,,,,,,,
Amenity,FREE_BREAKFAST,Breakfast,Free,free breakfast,2001,2533,2941,3968,3969,4646,4647,4648,4649,4650,4651,,,,,,,,,,,,,,,,,,,,,,,,
Amenity,BREAKFAST,Breakfast,,breakfast,361,3547,3954,3961,3966,3967,4652,4653,4654,4655,4656,4657,2001,2533,2941,3968,3969,4646,4647,4648,4649,4650,4651,,,,,,,,,,,,
Amenity,BUNGEE_JUMPING,Bungee jumping,,bungee jumping,3806,,,,,,,,,,,,,,,,,,,,,,,,,,,,,,,,,,
Theme,BUSINESS,Business,,business,2328,,,,,,,,,,,,,,,,,,,,,,,,,,,,,,,,,,
Amenity,24_HOUR_BUSINESS_CENTER,Business center,24-hour,24-hour business center,2538,,,,,,,,,,,,,,,,,,,,,,,,,,,,,,,,,,
Amenity,BUSINESS_CENTER,Business center,,business center,2065,2538,,,,,,,,,,,,,,,,,,,,,,,,,,,,,,,,,
Amenity,BUSINESS_SERVICES,Business services,,business services,200,,,,,,,,,,,,,,,,,,,,,,,,,,,,,,,,,,
Amenity,ROWING_CANOEING_KAYAKING,Paddle sports,,Paddle sports,3829,3820,,,,,,,,,,,,,,,,,,,,,,,,,,,,,,,,,
Theme,CASINO,Casino,CASINO,casino,2112,2329,,,,,,,,,,,,,,,,,,,,,,,,,,,,,,,,,
Amenity,CHILDCARE,Childcare,,childcare,6,4695,4696,2151,,,,,,,,,,,,,,,,,,,,,,,,,,,,,,,
Amenity,CONNECTING_ROOMS,Connecting Rooms,,connecting rooms,4420,,,,,,,,,,,,,,,,,,,,,,,,,,,,,,,,,,
Theme,COUNTRYSIDE,Countryside,Countryside,countryside,2330,,,,,,,,,,,,,,,,,,,,,,,,,,,,,,,,,,
Amenity,CRIB,Crib,,crib,4951,4950,2045,,,,,,,,,,,,,,,,,,,,,,,,,,,,,,,,
Amenity,CROSS_COUNTRY_SKI,cross-country skiing,,cross-country skiing,3837,,,,,,,,,,,,,,,,,,,,,,,,,,,,,,,,,,
Amenity,DVD_PLAYER,DVD player,,DVD player,2086,,,,,,,,,,,,,,,,,,,,,,,,,,,,,,,,,,
Theme,FAMILY_FRIENDLY,Family-friendly,,family-friendly,306,2333,36,,,,,,,,,,,,,,,,,,,,,,,,,,,,,,,,
Amenity,FIREPLACE,Fireplace,,fireplace,147,,,,,,,,,,,,,,,,,,,,,,,,,,,,,,,,,,
Amenity,FISHING,Fishing,,fishing,3810,,,,,,,,,,,,,,,,,,,,,,,,,,,,,,,,,,
Theme,GOLF,Golf,,golf,3814,2334,2617,,,,,,,,,,,,,,,,,,,,,,,,,,,,,,,,
Theme,SUSTAINABLE,Green,,green,2332,,,,,,,,,,,,,,,,,,,,,,,,,,,,,,,,,,
Amenity,24_HOUR_GYM,Gym,24-hour,24-hour gym,4468,5054,,,,,,,,,,,,,,,,,,,,,,,,,,,,,,,,,
Amenity,FITNESS_CENTER,Gym,,gym,9,2008,4468,5054,,,,,,,,,,,,,,,,,,,,,,,,,,,,,,,
Amenity,HAIR_DRYER,Hair dryer,Hair dryer,hair dryer,144,2180,,,,,,,,,,,,,,,,,,,,,,,,,,,,,,,,,
Amenity,HIKING,Hiking/biking trails,,hiking/biking trails,3816,,,,,,,,,,,,,,,,,,,,,,,,,,,,,,,,,,
Theme,HISTORIC,Historic,,historic,2336,5002,,,,,,,,,,,,,,,,,,,,,,,,,,,,,,,,,
Amenity,HORSE_RIDING,Horse riding,,horse riding,3817,,,,,,,,,,,,,,,,,,,,,,,,,,,,,,,,,,
Amenity,HOT_SPRINGS,Hot Springs,,hot springs,5004,,,,,,,,,,,,,,,,,,,,,,,,,,,,,,,,,,
Amenity,HOT_TUB,Hot tub,,hot tub,148,3859,371,,,,,,,,,,,,,,,,,,,,,,,,,,,,,,,,
Amenity,HUNTING,Hunting,,hunting,3818,,,,,,,,,,,,,,,,,,,,,,,,,,,,,,,,,,
Amenity,ICE_FISHING,Ice fishing,,ice fishing,4398,,,,,,,,,,,,,,,,,,,,,,,,,,,,,,,,,,
Amenity,ICE_SKATING,Ice skating,,ice skating,3819,,,,,,,,,,,,,,,,,,,,,,,,,,,,,,,,,,
Amenity,FREE_Internet,Internet,Free Internet,free Internet,2127,2156,2392,2405,,,,,,,,,,,,,,,,,,,,,,,,,,,,,,,
Amenity,FREE_WIFI,Internet,Free WiFi,free WiFi,2390,2403,,,,,,,,,,,,,,,,,,,,,,,,,,,,,,,,,
Amenity,WIFI,Internet,WiFi,WiFi,2100,2101,2391,2404,2390,2403,,,,,,,,,,,,,,,,,,,,,,,,,,,,,
Amenity,INTERNET,Internet,,Internet,333,2046,2125,2157,2393,2406,2127,2156,2392,2405,2100,2101,2391,2404,2390,2403,,,,,,,,,,,,,,,,,,,
Amenity,KITCHEN,Kitchen,,kitchen,2158,312,,,,,,,,,,,,,,,,,,,,,,,,,,,,,,,,,
Amenity,KITE_SURFING,Kite-surfing ,,kite-surfing ,4501,,,,,,,,,,,,,,,,,,,,,,,,,,,,,,,,,,
Amenity,LAUNDRY_FACILITIES,Laundry,,laundry,2070,,,,,,,,,,,,,,,,,,,,,,,,,,,,,,,,,,
Theme,LGBT_FRIENDLY,LGBT-Friendly,,LGBT-friendly,5003,3358,,,,,,,,,,,,,,,,,,,,,,,,,,,,,,,,,
Theme,LUXURY,Luxury,,luxury,2337,,,,,,,,,,,,,,,,,,,,,,,,,,,,,,,,,,
Amenity,MARINA,Marina,,marina,2128,,,,,,,,,,,,,,,,,,,,,,,,,,,,,,,,,,
Amenity,MASSAGE,Massage,,massage,2160,2129,3615,,,,,,,,,,,,,,,,,,,,,,,,,,,,,,,,
Amenity,MINIBAR,Minibar,,minibar,131,,,,,,,,,,,,,,,,,,,,,,,,,,,,,,,,,,
Amenity,MOUNTAIN_BIKE,Mountain biking,,mountain biking,3822,,,,,,,,,,,,,,,,,,,,,,,,,,,,,,,,,,
Amenity,NIGHTCLUB,Nightclub,,nightclub,2010,,,,,,,,,,,,,,,,,,,,,,,,,,,,,,,,,,
Amenity,PARASAILING,Parasailing,,parasailing,3823,,,,,,,,,,,,,,,,,,,,,,,,,,,,,,,,,,
Amenity,FREE_PARKING,Parking,Free,free parking,2011,2553,3761,3861,3863,4440,4442,4443,4445,4447,4449,4450,4454,4457,4452,,,,,,,,,,,,,,,,,,,,
Amenity,FREE_RV_AND_TRUCK,Parking,Free RV and truck,free rv and truck,4452,,,,,,,,,,,,,,,,,,,,,,,,,,,,,,,,,,
Amenity,RV_PARKING,Parking,RV and truck,rv and truck,2783,4453,4452,,,,,,,,,,,,,,,,,,,,,,,,,,,,,,,,
Amenity,PARKING,Parking,,parking,28,323,2012,2013,2132,2133,2798,3728,3762,3862,3864,4441,4444,4446,4448,4451,4459,4460,2011,2553,3761,3861,3863,4440,4442,4443,4445,4447,4449,4450,4454,4457,2783,4453,4452
Amenity,PET_FRIENDLY,Pet-friendly policies,,pet-friendly policies,2338,3981,51,,,,,,,,,,,,,,,,,,,,,,,,,,,,,,,,
Amenity,PLAYGROUND,Playground,,playground,3825,,,,,,,,,,,,,,,,,,,,,,,,,,,,,,,,,,
Amenity,INDOOR_POOL,Pool,Indoor,indoor pool,14,,,,,,,,,,,,,,,,,,,,,,,,,,,,,,,,,,
Amenity,OUTDOOR_POOL,Pool,Outdoor,outdoor pool,24,2138,,,,,,,,,,,,,,,,,,,,,,,,,,,,,,,,,
Amenity,PRIVATE_POOL,Pool,Private pool,private pool,2859,2860,,,,,,,,,,,,,,,,,,,,,,,,,,,,,,,,,
Amenity,POOL,Pool,,pool,2014,2074,14,24,2138,2859,2860,,,,,,,,,,,,,,,,,,,,,,,,,,,,
Amenity,POOLSIDE_BAR,Poolside bar,,poolside bar,400,,,,,,,,,,,,,,,,,,,,,,,,,,,,,,,,,,
Amenity,PRIVATE_BATHROOM,Private bathroom,,private bathroom,3726,,,,,,,,,,,,,,,,,,,,,,,,,,,,,,,,,,
Amenity,PRIVATE_BEACH,Private beach,,private beach,2080,4431,,,,,,,,,,,,,,,,,,,,,,,,,,,,,,,,,
Amenity,RACQUETBALL,Racquetball/squash,,racquetball/squash,3826,,,,,,,,,,,,,,,,,,,,,,,,,,,,,,,,,,
Amenity,RAFTING,Rafting,,rafting,3827,,,,,,,,,,,,,,,,,,,,,,,,,,,,,,,,,,
Amenity,REFRIGERATOR,Refrigerator,,refrigerator,130,2181,,,,,,,,,,,,,,,,,,,,,,,,,,,,,,,,,
Amenity,RESTAURANT,Restaurant,,restaurant,19,,,,,,,,,,,,,,,,,,,,,,,,,,,,,,,,,,
Amenity,ROCK_CLIMBING,Rock climbing,,rock climbing,5097,,,,,,,,,,,,,,,,,,,,,,,,,,,,,,,,,,
Theme,ROMANTIC,Romantic,,romantic,2339,,,,,,,,,,,,,,,,,,,,,,,,,,,,,,,,,,
Amenity,24_HOUR_ROOM_SERVICE,Room service,24-hour,24-hour room service,2015,,,,,,,,,,,,,,,,,,,,,,,,,,,,,,,,,,
Amenity,ROOM_SERVICE,Room service,,room service,20,2053,4515,4516,4517,4518,4658,2015,,,,,,,,,,,,,,,,,,,,,,,,,,,
Amenity,RUNNING_TRACK,Running path,,running path,3830,,,,,,,,,,,,,,,,,,,,,,,,,,,,,,,,,,
Amenity,SAFARI,Safari,,safari,5027,,,,,,,,,,,,,,,,,,,,,,,,,,,,,,,,,,
Amenity,SAUNA,Sauna,,sauna,2135,,,,,,,,,,,,,,,,,,,,,,,,,,,,,,,,,,
Amenity,SCUBA_DIVING,Scuba diving,,scuba diving,3833,,,,,,,,,,,,,,,,,,,,,,,,,,,,,,,,,,
Amenity,SEGWAY,Segway rental,,Segway rental,3926,,,,,,,,,,,,,,,,,,,,,,,,,,,,,,,,,,
Amenity,SHUFFLEBOARD,Shuffleboard,,shuffleboard,3834,,,,,,,,,,,,,,,,,,,,,,,,,,,,,,,,,,
Theme,SKI,Ski,,ski,3838,4012,4406,2082,,,,,,,,,,,,,,,,,,,,,,,,,,,,,,,
Amenity,SKI_STORAGE,Ski storage,,ski storage,354,,,,,,,,,,,,,,,,,,,,,,,,,,,,,,,,,,
Amenity,SKI_IN/SKI_OUT,Ski-in/ski-out,,ski-in/ski-out,2082,,,,,,,,,,,,,,,,,,,,,,,,,,,,,,,,,,
Amenity,SKYDIVING,Skydiving,,skydiving,3839,,,,,,,,,,,,,,,,,,,,,,,,,,,,,,,,,,
Amenity,SLEDDING,Sledding,,sledding,4400,,,,,,,,,,,,,,,,,,,,,,,,,,,,,,,,,,
Amenity,NO_SMOKING_POLICY_,Smoke-free property,,no smoking policy ,2137,3268,,,,,,,,,,,,,,,,,,,,,,,,,,,,,,,,,
Amenity,SNORKELING,Snorkeling,,snorkeling,3840,,,,,,,,,,,,,,,,,,,,,,,,,,,,,,,,,,
Amenity,SNOW_TUBING,Snow tubing,,snow tubing,4404,,,,,,,,,,,,,,,,,,,,,,,,,,,,,,,,,,
Amenity,SNOWBOARD_PARK,Snowboard park,,snowboard park,3841,,,,,,,,,,,,,,,,,,,,,,,,,,,,,,,,,,
Amenity,SNOWBOARDING,Snowboarding,,snowboarding,3842,,,,,,,,,,,,,,,,,,,,,,,,,,,,,,,,,,
Amenity,SNOWMOBILING,Snowmobiling,,snowmobiling,3843,,,,,,,,,,,,,,,,,,,,,,,,,,,,,,,,,,
Amenity,SNOWSHOEING,Snowshoeing,,snowshoeing,3844,,,,,,,,,,,,,,,,,,,,,,,,,,,,,,,,,,
Amenity,SOFA_BED,Sofa bed,,sofa bed,2038,,,,,,,,,,,,,,,,,,,,,,,,,,,,,,,,,,
Theme,SPA,Spa,,spa,2123,2341,,,,,,,,,,,,,,,,,,,,,,,,,,,,,,,,,
Amenity,STEAM_ROOM,Steam room,,steam room,2134,,,,,,,,,,,,,,,,,,,,,,,,,,,,,,,,,,
Amenity,SURFING,Surfing,,surfing,3846,,,,,,,,,,,,,,,,,,,,,,,,,,,,,,,,,,
Amenity,SWIM_UP_BAR,Swim-up bar,,swim-up bar,2000,,,,,,,,,,,,,,,,,,,,,,,,,,,,,,,,,,
Amenity,TENNIS,Tennis,,tennis,3849,,,,,,,,,,,,,,,,,,,,,,,,,,,,,,,,,,
Amenity,INDOOR_TENNIS_COURT,Tennis court,Indoor tennis court,indoor tennis court,3373,3374,,,,,,,,,,,,,,,,,,,,,,,,,,,,,,,,,
Amenity,OUTDOOR_TENNIS_COURT,Tennis court,Outdoor tennis court,outdoor tennis court,3375,3376,,,,,,,,,,,,,,,,,,,,,,,,,,,,,,,,,
Amenity,TENNIS_COURT,Tennis court,,tennis court,2618,3373,3374,3375,3376,,,,,,,,,,,,,,,,,,,,,,,,,,,,,,
Amenity,TENNIS_LESSONS,Tennis lessons,,tennis lessons,3850,,,,,,,,,,,,,,,,,,,,,,,,,,,,,,,,,,
Amenity,TOBOGGAN_RUN,Toboggan,,toboggan run,4402,,,,,,,,,,,,,,,,,,,,,,,,,,,,,,,,,,
Amenity,BEACH_VIEW,View,Beach,beach view,3361,,,,,,,,,,,,,,,,,,,,,,,,,,,,,,,,,,
Amenity,GARDEN_VIEW,View,Garden,garden view,2590,,,,,,,,,,,,,,,,,,,,,,,,,,,,,,,,,,
Amenity,GOLF_COURSE_VIEW,View,Golf course,golf course view,3359,,,,,,,,,,,,,,,,,,,,,,,,,,,,,,,,,,
Amenity,LAKE_VIEW,View,Lake,lake view,2584,,,,,,,,,,,,,,,,,,,,,,,,,,,,,,,,,,
Amenity,MOUNTAIN_VIEW,View,Mountain,mountain view,2586,,,,,,,,,,,,,,,,,,,,,,,,,,,,,,,,,,
Amenity,OCEAN_VIEW,View,Ocean,ocean view,2588,3360,,,,,,,,,,,,,,,,,,,,,,,,,,,,,,,,,
Amenity,POOL_VIEW,View,Pool,pool view,2591,,,,,,,,,,,,,,,,,,,,,,,,,,,,,,,,,,
Amenity,RIVER_VIEW,View,River,river view,2585,,,,,,,,,,,,,,,,,,,,,,,,,,,,,,,,,,
Amenity,SEA_VIEW,View,Sea,sea view,2583,,,,,,,,,,,,,,,,,,,,,,,,,,,,,,,,,,
Amenity,WATER_VIEW,View,Water,water view,2581,2585,2583,2588,2584,3361,,,,,,,,,,,,,,,,,,,,,,,,,,,,,
Amenity,VIEW,View,,view,2582,2587,3361,2590,3359,2584,2586,2588,2591,2585,2583,2581,,,,,,,,,,,,,,,,,,,,,,,
Amenity,VOLLEYBALL,Volleyball,,volleyball,3851,,,,,,,,,,,,,,,,,,,,,,,,,,,,,,,,,,
Amenity,WASHER/DRYER,Washer/dryer,,washer/dryer,340,,,,,,,,,,,,,,,,,,,,,,,,,,,,,,,,,,
Amenity,WATER_SKIING,Water skiing,,water skiing,3852,,,,,,,,,,,,,,,,,,,,,,,,,,,,,,,,,,
Amenity,WATERPARK,Waterpark,,waterpark,2819,4174,4175,,,,,,,,,,,,,,,,,,,,,,,,,,,,,,,,
Amenity,WHALE_WATCHING,Whale-watching,,whale-watching,3853,,,,,,,,,,,,,,,,,,,,,,,,,,,,,,,,,,
Amenity,WIND_SURFING,Windsurfing,,windsurfing,3854,,,,,,,,,,,,,,,,,,,,,,,,,,,,,,,,,,
Amenity,WINERY,Wineries nearby,,wineries nearby,5020,4025,,,,,,,,,,,,,,,,,,,,,,,,,,,,,,,,,
Amenity,PILATES,Yoga/Pilates,,yoga/Pilates,4497,3824,3855,,,,,,,,,,,,,,,,,,,,,,,,,,,,,,,,
Amenity,YOGA,Yoga/Pilates,,yoga/Pilates,4497,3824,3855,,,,,,,,,,,,,,,,,,,,,,,,,,,,,,,,
Amenity,ZIPLINING,Ziplining,,ziplining,5104,,,,,,,,,,,,,,,,,,,,,,,,,,,,,,,,,,
Amenity,CHILDREN'S_CLUB,Children's club,,Children's club,2186,,,,,,,,,,,,,,,,,,,,,,,,,,,,,,,,,,
Amenity,SHOWER,shower,,shower,2166,2183,,,,,,,,,,,,,,,,,,,,,,,,,,,,,,,,,
Amenity,BATHTUB,Bathtub,,Bathtub,2168,2183,,,,,,,,,,,,,,,,,,,,,,,,,,,,,,,,,
Amenity,24_HOUR_CHECK_IN_POLICY,24-hour check-in,,24-hour check-in policy,5115,,,,,,,,,,,,,,,,,,,,,,,,,,,,,,,,,,
Theme,ADULTS_ONLY,Adults only,,Adults only,3357,2791,,,,,,,,,,,,,,,,,,,,,,,,,,,,,,,,,
Theme,COUPLES,Caters to couples,,couples,32,,,,,,,,,,,,,,,,,,,,,,,,,,,,,,,,,,
Theme,MEN_ONLY,Caters to men only,,men only,58,,,,,,,,,,,,,,,,,,,,,,,,,,,,,,,,,,
Theme,SENIOR_FRIENDLY,Caters to seniors,,senior friendly,33,,,,,,,,,,,,,,,,,,,,,,,,,,,,,,,,,,
Theme,SINGLES,Caters to singles,,singles,31,,,,,,,,,,,,,,,,,,,,,,,,,,,,,,,,,,
Theme,WOMEN_ONLY,Caters to women only,,women only,57,,,,,,,,,,,,,,,,,,,,,,,,,,,,,,,,,,
Amenity,FREE_CHILDREN_POLICY,Children stay free,,free children policy,2552,,,,,,,,,,,,,,,,,,,,,,,,,,,,,,,,,,
Theme,CLOTHING_OPTIONAL,Clothing optional,,clothing-optional,2003,,,,,,,,,,,,,,,,,,,,,,,,,,,,,,,,,,
Amenity,MAJOR_CREDIT_CARDS_SUPPORTED,Major credit cards,,Major credit cards supported,2188,,,,,,,,,,,,,,,,,,,,,,,,,,,,,,,,,,
Amenity,NO_PETS_ALLOWED_POLICY,No pets or service animals allowed,,No pets allowed policy,2808,2050,,,,,,,,,,,,,,,,,,,,,,,,,,,,,,,,,
Amenity,ARCADE,Arcade,,Arcade,375,,,,,,,,,,,,,,,,,,,,,,,,,,,,,,,,,,
Amenity,BANQUET_FACILITIES,Banquet,,Banquet,2071,,,,,,,,,,,,,,,,,,,,,,,,,,,,,,,,,,
Amenity,BARBECUE_GRILLS,Barbecue,,Barbecue,321,,,,,,,,,,,,,,,,,,,,,,,,,,,,,,,,,,
Amenity,BASKETBALL,Basketball,,Basketball,101,3800,,,,,,,,,,,,,,,,,,,,,,,,,,,,,,,,,
Amenity,BEACH_BADMINTON,Beach badminton,,Beach badminton,4492,4493,,,,,,,,,,,,,,,,,,,,,,,,,,,,,,,,,
Amenity,BOWLING,Bowling,,Bowling,2363,3805,,,,,,,,,,,,,,,,,,,,,,,,,,,,,,,,,
Amenity,CATERING,Catering,,Catering,82,2340,,,,,,,,,,,,,,,,,,,,,,,,,,,,,,,,,
Amenity,CAVE_EXPLORING,Cave Exploring,,Cave Exploring,5098,5099,,,,,,,,,,,,,,,,,,,,,,,,,,,,,,,,,
Amenity,CHILD_FRIENDLY,Child friendly,,Child friendly,306,,,,,,,,,,,,,,,,,,,,,,,,,,,,,,,,,,
Amenity,CLUB_HOUSE,Club house,,Club house,393,,,,,,,,,,,,,,,,,,,,,,,,,,,,,,,,,,
Amenity,COMPUTER_RENTAL,Computer rental,,Computer rental,201,,,,,,,,,,,,,,,,,,,,,,,,,,,,,,,,,,
Amenity,CONCIERGE,Concierge,,Concierge,,,,,,,,,,,,,,,,,,,,,,,,,,,,,,,,,,,
Amenity,CONFERENCE_CENTER,Conference center,,Conference center,3372,,,,,,,,,,,,,,,,,,,,,,,,,,,,,,,,,,
Amenity,CONFERENCE_ROOMS,Conference room,,Conference room,3637,81,,,,,,,,,,,,,,,,,,,,,,,,,,,,,,,,,
Amenity,DINING,Dining,,Dining,2370,,,,,,,,,,,,,,,,,,,,,,,,,,,,,,,,,,
Amenity,DOMESTIC_HELP,Domestic help,,Domestic help,365,,,,,,,,,,,,,,,,,,,,,,,,,,,,,,,,,,
Amenity,ECO_FRIENDLY,Eco friendly,,Eco friendly,,,,,,,,,,,,,,,,,,,,,,,,,,,,,,,,,,,
Amenity,ECOTOURS,Ecotours,,Ecotours,3809,2357,,,,,,,,,,,,,,,,,,,,,,,,,,,,,,,,,
Amenity,ENTERTAINMENT,Enternaimnet,,Enternaimnet,68,,,,,,,,,,,,,,,,,,,,,,,,,,,,,,,,,,
Amenity,EVENT_FRIENDLY,Event Friendly,,Event Friendly,82,,,,,,,,,,,,,,,,,,,,,,,,,,,,,,,,,,
Amenity,EXPRESS_CHECK_OUT,Express check-out,,Express check-out,2067,,,,,,,,,,,,,,,,,,,,,,,,,,,,,,,,,,
Amenity,FREE_BEACH_CABANAS,Free beach cabanas,,Free beach cabanas,4433,,,,,,,,,,,,,,,,,,,,,,,,,,,,,,,,,,
Amenity,BEACH_CABANAS,Beach Cabanas,,Beach Cabanas,4433,4434,,,,,,,,,,,,,,,,,,,,,,,,,,,,,,,,,
Amenity,FREE_COFFEE,free coffee,,free coffee,,,,,,,,,,,,,,,,,,,,,,,,,,,,,,,,,,,
Amenity,GARDEN,garden,,garden,378,,,,,,,,,,,,,,,,,,,,,,,,,,,,,,,,,,
Amenity,GOURMET,Gourmet Hotel,,Gourmet Hotel,2335,,,,,,,,,,,,,,,,,,,,,,,,,,,,,,,,,,
Amenity,GROCERY,Grocery,,Grocery,2007,2386,,,,,,,,,,,,,,,,,,,,,,,,,,,,,,,,,
Amenity,HEALTH_CLUB,Health club,,Health club,2008,5054,,,,,,,,,,,,,,,,,,,,,,,,,,,,,,,,,
Amenity,LAND_SAILING,Land sailing,,Land sailing,4498,4499,,,,,,,,,,,,,,,,,,,,,,,,,,,,,,,,,
Amenity,LOCAL_EXPERT_CONCIERGE,Local expert concierge,,Local expert concierge,2189,,,,,,,,,,,,,,,,,,,,,,,,,,,,,,,,,,
Amenity,MEDIA_LIBRARY,Media library,,Media library,2388,,,,,,,,,,,,,,,,,,,,,,,,,,,,,,,,,,
Amenity,MUSIC_LIBRARY,Music library,,Music library,2351,,,,,,,,,,,,,,,,,,,,,,,,,,,,,,,,,,
Amenity,ONSITE_CAR_RENTAL,Onsite car rental,,Onsite car rental,29,,,,,,,,,,,,,,,,,,,,,,,,,,,,,,,,,,
Amenity,PATIO,Patio,,Patio,320,2032,,,,,,,,,,,,,,,,,,,,,,,,,,,,,,,,,
Amenity,PICNIC,picnic,,picnic,2049,,,,,,,,,,,,,,,,,,,,,,,,,,,,,,,,,,
Amenity,ROOFTOP_TERRACE,Rooftop terrace,,Rooftop terrace,3912,,,,,,,,,,,,,,,,,,,,,,,,,,,,,,,,,,
Amenity,AEROBICS,Aerobics,,Aerobics,3799,,,,,,,,,,,,,,,,,,,,,,,,,,,,,,,,,,
Amenity,BANANA_BOAT,Banana Boat,,Banana Boat,4489,,,,,,,,,,,,,,,,,,,,,,,,,,,,,,,,,,
Amenity,BEACH_YOGA,Beach Yoga,,Beach Yoga,4497,,,,,,,,,,,,,,,,,,,,,,,,,,,,,,,,,,
Amenity,BIRD_WATCHING,bird watching,,bird watching,3802,,,,,,,,,,,,,,,,,,,,,,,,,,,,,,,,,,
Amenity,BOAT_CRUISES,boat cruises,,boat cruises,4505,,,,,,,,,,,,,,,,,,,,,,,,,,,,,,,,,,
Amenity,CAR_SERVICE,car service,,car service,2072,,,,,,,,,,,,,,,,,,,,,,,,,,,,,,,,,,
Amenity,GAME_DRIVE,game drive,,game drive,5025,,,,,,,,,,,,,,,,,,,,,,,,,,,,,,,,,,
Amenity,GAME_VIEWING,game viewing,,game viewing,5023,,,,,,,,,,,,,,,,,,,,,,,,,,,,,,,,,,
Amenity,ICE_BOATING,ice boating,,ice boating,4412,,,,,,,,,,,,,,,,,,,,,,,,,,,,,,,,,,
Amenity,SALON,hair salon,,hair salon,40,,,,,,,,,,,,,,,,,,,,,,,,,,,,,,,,,,
Amenity,SCOOTER,scooter,,scooter,3832,,,,,,,,,,,,,,,,,,,,,,,,,,,,,,,,,,
Amenity,SELF_CATERING,self catering,,self catering,2340,,,,,,,,,,,,,,,,,,,,,,,,,,,,,,,,,,
Amenity,SKI_JUMPING,ski jumping,,ski jumping,4408,,,,,,,,,,,,,,,,,,,,,,,,,,,,,,,,,,
Amenity,SKI_LESSONS,ski lessons,,ski lessons,3836,,,,,,,,,,,,,,,,,,,,,,,,,,,,,,,,,,
Amenity,SNOW_KITING,snow kiting,,snow kiting,4410,,,,,,,,,,,,,,,,,,,,,,,,,,,,,,,,,,
Amenity,SWIMMING,swimming,,swimming,3847,2014,2074,14,24,2138,2859,2860,,,,,,,,,,,,,,,,,,,,,,,,,,,
Amenity,TABLE_TENNIS,table tennis,,table tennis,3848,,,,,,,,,,,,,,,,,,,,,,,,,,,,,,,,,,
Amenity,TECH_SUPPORT,tech support,,tech support,2348,,,,,,,,,,,,,,,,,,,,,,,,,,,,,,,,,,
Amenity,TERRACE,terrace,,terrace,4514,3912,,,,,,,,,,,,,,,,,,,,,,,,,,,,,,,,,
Amenity,TOUR_ASSISTANCE,tour assistance,,tour assistance,341,2387,,,,,,,,,,,,,,,,,,,,,,,,,,,,,,,,,
Amenity,UMBRELLAS,umbrellas,,umbrellas,2163,2352,4432,,,,,,,,,,,,,,,,,,,,,,,,,,,,,,,,
Amenity,VIDEO_GAMES,video games,,video games,2028,,,,,,,,,,,,,,,,,,,,,,,,,,,,,,,,,,
Amenity,WEDDING,wedding,,wedding,2167,,,,,,,,,,,,,,,,,,,,,,,,,,,,,,,,,,
,,,,,,,,,,,,,,,,,,,,,,,,,,,,,,,,,,,,,,,
,,,,,,,,,,,,,,,,,,,,,,,,,,,,,,,,,,,,,,,
,,,,,,,,,,,,,,,,,,,,,,,,,,,,,,,,,,,,,,,
,,,,,,,,,,,,,,,,,,,,,,,,,,,,,,,,,,,,,,,
,,,,,,,,,,,,,,,,,,,,,,,,,,,,,,,,,,,,,,,
,,,,,,,,,,,,,,,,,,,,,,,,,,,,,,,,,,,,,,,
,,,,,,,,,,,,,,,,,,,,,,,,,,,,,,,,,,,,,,,
,,,,,,,,,,,,,,,,,,,,,,,,,,,,,,,,,,,,,,,
,,,,,,,,,,,,,,,,,,,,,,,,,,,,,,,,,,,,,,,
,,,,,,,,,,,,,,,,,,,,,,,,,,,,,,,,,,,,,,,
,,,,,,,,,,,,,,,,,,,,,,,,,,,,,,,,,,,,,,,
,,,,,,,,,,,,,,,,,,,,,,,,,,,,,,,,,,,,,,,
,,,,,,,,,,,,,,,,,,,,,,,,,,,,,,,,,,,,,,,
,,,,,,,,,,,,,,,,,,,,,,,,,,,,,,,,,,,,,,,
,,,,,,,,,,,,,,,,,,,,,,,,,,,,,,,,,,,,,,,
,,,,,,,,,,,,,,,,,,,,,,,,,,,,,,,,,,,,,,,
,,,,,,,,,,,,,,,,,,,,,,,,,,,,,,,,,,,,,,,
,,,,,,,,,,,,,,,,,,,,,,,,,,,,,,,,,,,,,,,
,,,,,,,,,,,,,,,,,,,,,,,,,,,,,,,,,,,,,,,
,,,,,,,,,,,,,,,,,,,,,,,,,,,,,,,,,,,,,,,
,,,,,,,,,,,,,,,,,,,,,,,,,,,,,,,,,,,,,,,
,,,,,,,,,,,,,,,,,,,,,,,,,,,,,,,,,,,,,,,
,,,,,,,,,,,,,,,,,,,,,,,,,,,,,,,,,,,,,,,
,,,,,,,,,,,,,,,,,,,,,,,,,,,,,,,,,,,,,,,
,,,,,,,,,,,,,,,,,,,,,,,,,,,,,,,,,,,,,,,
,,,,,,,,,,,,,,,,,,,,,,,,,,,,,,,,,,,,,,,
,,,,,,,,,,,,,,,,,,,,,,,,,,,,,,,,,,,,,,,
,,,,,,,,,,,,,,,,,,,,,,,,,,,,,,,,,,,,,,,
,,,,,,,,,,,,,,,,,,,,,,,,,,,,,,,,,,,,,,,
,,,,,,,,,,,,,,,,,,,,,,,,,,,,,,,,,,,,,,,
,,,,,,,,,,,,,,,,,,,,,,,,,,,,,,,,,,,,,,,
,,,,,,,,,,,,,,,,,,,,,,,,,,,,,,,,,,,,,,,
,,,,,,,,,,,,,,,,,,,,,,,,,,,,,,,,,,,,,,,
,,,,,,,,,,,,,,,,,,,,,,,,,,,,,,,,,,,,,,,
,,,,,,,,,,,,,,,,,,,,,,,,,,,,,,,,,,,,,,,
,,,,,,,,,,,,,,,,,,,,,,,,,,,,,,,,,,,,,,,
