<?xml version="1.0" encoding="UTF-8" ?>
<!DOCTYPE tiles-definitions PUBLIC
       "-//Apache Software Foundation//DTD Tiles Configuration 2.0//EN"
       "http://tiles.apache.org/dtds/tiles-config_2_0.dtd">
<tiles-definitions>
    <definition name="base.definition" template="/WEB-INF/views/headerLayout.jsp">
        <put-attribute name="header" value="/WEB-INF/views/common/header.jsp" />
        <put-attribute name="body" value="" />
        <put-attribute name="footer" value="/WEB-INF/views/common/footer.jsp" />
    </definition>
 	 <definition name="noheader.definition" template="/WEB-INF/views/layout.jsp">
        <put-attribute name="body" value="" />
        <put-attribute name="footer" value="/WEB-INF/views/common/footer.jsp" />
    </definition>
    
    <definition name="bridge.definition" template="/WEB-INF/views/bridgelayout.jsp">
        <put-attribute name="body" value="" />
        <put-attribute name="footer" value="/WEB-INF/views/common/footer.jsp" />
    </definition>
 	<!--  define body for each page. -->
    <definition name="login" extends="noheader.definition">
        <put-attribute name="titleKey" value="login.page.title" />
        <put-attribute name="body" value="/WEB-INF/views/login.jsp" />
    </definition>

    <definition name="intermediate" extends="noheader.definition">
        <put-attribute name="titleKey" value="intermediate.page.title" />
        <put-attribute name="body" value="/WEB-INF/views/intermediate.jsp" />
    </definition>
    
     <definition name="survey" extends="noheader.definition">
        <put-attribute name="titleKey" value="" />
        <put-attribute name="body" value="/WEB-INF/views/survey.jsp" />
    </definition>
    
    <definition name="hotelfinder" extends="noheader.definition">
        <put-attribute name="titleKey" value="hotel-finder.page.title" />
        <put-attribute name="body" value="/WEB-INF/views/hotelfinder.jsp" />
    </definition>
    
	<definition name="destinationfinder" extends="bridge.definition">
        <put-attribute name="body" value="/WEB-INF/views/destinationfinder.jsp" />
    </definition>
    
    <definition name="hoteldetails" extends="base.definition">
        <put-attribute name="titleKey" value=" " />
		<put-attribute name="body" value="/WEB-INF/views/hoteldetails.jsp" />
    </definition>

	<definition name="hotelbooking" extends="base.definition">
        <put-attribute name="titleKey" value="hotel-booking.page.title" />
        <put-attribute name="header" value="/WEB-INF/views/common/simpleHeader.jsp" />
        <put-attribute name="body" value="/WEB-INF/views/hotelbooking.jsp" />
    </definition>
    
	<definition name="confirmation" extends="base.definition">
        <put-attribute name="titleKey" value="confirmation.page.title" />
		<put-attribute name="header" value="/WEB-INF/views/common/simpleHeader.jsp" />
        <put-attribute name="body" value="/WEB-INF/views/confirmation.jsp" />
    </definition>
    
	<definition name="error" extends="base.definition">
        <put-attribute name="titleKey" value="error.page.title" />
		<put-attribute name="header" value="/WEB-INF/views/common/simpleHeader.jsp" />
        <put-attribute name="body" value="/WEB-INF/views/error.jsp" />
    </definition>
    
    <definition name="tripsummary" extends="base.definition">
        <put-attribute name="titleKey" value="trip-summary.page.title" />
		<put-attribute name="header" value="" />
        <put-attribute name="body" value="/WEB-INF/views/tripsummary.jsp" />
    </definition>
    
</tiles-definitions>